frame_id,bbs
000a7a2a11064f729819cc43b467f28f,"[[3, 0.4592760180995475, 0.5671852899575672, 0.6470588235294118, 0.4611032531824611]]"
004d43917a9b4877a52fde68dd779206,"[[0, 0.45775862068965517, 0.734375, 0.5568965517241379, 0.36160714285714285]]"
00f425b495234635b74a46999e44cc74,"[[5, 0.3784090909090909, 0.7243303571428571, 0.12954545454545455, 0.12276785714285714]]"
01550cdec6024f178fe7d1b36f106f69,"[[4, 0.5166666666666667, 0.5446428571428571, 0.3333333333333333, 0.19642857142857142]]"
0295b9f3d94540d79cae3aebc0cb0eca,"[[3, 0.8052631578947368, 0.4720982142857143, 0.12105263157894737, 0.40848214285714285]]"
029cf286340743299c245917c9fce7ac,"[[0, 0.7525, 0.5792410714285714, 0.495, 0.8415178571428571]]"
034b8ee64b604a12acaad74eda57c208,"[[3, 0.8823924731182796, 0.6743027888446215, 0.16263440860215053, 0.36852589641434264]]"
03765f448e9143068514df5478b2420c,"[[4, 0.3773809523809524, 0.46763392857142855, 0.7547619047619047, 0.24330357142857142]]"
0384efb407924dd5946bf11ca60ed9d2,"[[0, 0.48970588235294116, 0.6395089285714286, 0.40294117647058825, 0.38169642857142855]]"
0393d2edc11b47d6b06f157d89d8d11d,"[[3, 0.5142378559463987, 0.7583333333333333, 0.9715242881072027, 0.46]]"
03f39abecc394ec1b623da564b2d51cb,"[[1, 0.8739583333333333, 0.5446428571428571, 0.2520833333333333, 0.2767857142857143]]"
03ffbafcae554ce3be5b206d1fb3e6c9,"[[0, 0.6119565217391304, 0.46986607142857145, 0.7760869565217391, 0.47098214285714285]]"
040ba89e514240e7b00b81474b0fb871,"[[2, 0.8708333333333333, 0.2617056856187291, 0.25833333333333336, 0.1688963210702341]]"
043d38e3db01420289c3fdd879e2aa87,"[[0, 0.44333333333333336, 0.27120535714285715, 0.6266666666666667, 0.3013392857142857]]"
043f41d8c7594943accd9af6bd3c0865,"[[2, 0.29453125, 0.26450892857142855, 0.1890625, 0.14955357142857142]]"
046a1c4469c84082b2ce299ad9a05aa2,"[[4, 0.614423076923077, 0.8058035714285714, 0.4326923076923077, 0.16517857142857142]]"
0499e318af1b4b15be03bc3fec2847b1,"[[4, 0.29523809523809524, 0.734375, 0.2857142857142857, 0.17410714285714285]]"
04c8ab60832d4f4d86d03fc30ffb52f7,"[[2, 0.665, 0.5066964285714286, 0.17, 0.15625]]"
05050dcd9a054e9ab059dae7fb3aae44,"[[1, 0.3104196816208394, 0.7719298245614035, 0.48480463096960924, 0.21637426900584794]]"
05457c678aab4f3c84aacde9828bee46,"[[0, 0.5875, 0.47767857142857145, 0.825, 0.11160714285714286]]"
05c3dd0e12ce4ff89dfb28e0d262ddd6,"[[0, 0.5291666666666667, 0.6473214285714286, 0.9416666666666667, 0.3705357142857143]]"
05f68c83bccc4d9eb685d0ebacf5f2a9,"[[0, 0.37432432432432433, 0.30580357142857145, 0.35135135135135137, 0.15178571428571427]]"
06875f01279b4279ac5cc33c9e17dc6d,"[[3, 0.1640625, 0.3368606701940035, 0.28125, 0.4021164021164021]]"
06b9dc4b29054f438294bb496f81e731,"[[4, 0.7078947368421052, 0.47098214285714285, 0.28421052631578947, 0.32142857142857145]]"
0744d9be09d2487b91ebf77562ace69a,"[[4, 0.4109375, 0.5379464285714286, 0.259375, 0.17410714285714285]]"
0745bb9dfb724e3b9026b9995f436989,"[[4, 0.7404761904761905, 0.5245535714285714, 0.36666666666666664, 0.7589285714285714]]"
079a2363566b44bba43ece324c544753,"[[0, 0.6657407407407407, 0.6439732142857143, 0.412962962962963, 0.25669642857142855]]"
082d42deac5147958905a7862c484526,"[[5, 0.37236842105263157, 0.5279017857142857, 0.25526315789473686, 0.06919642857142858]]"
083715c91746495d87c61f772ff2ac80,"[[3, 0.8103448275862069, 0.5502232142857143, 0.14482758620689656, 0.43526785714285715]]"
087317ff23614d01b9c2b38302575933,"[[3, 0.2427536231884058, 0.7573415765069552, 0.17149758454106281, 0.3740340030911901]]"
08ad9cfbbb0647eebf29353038cfb5f2,"[[3, 0.5397727272727273, 0.7444196428571429, 0.3704545454545455, 0.234375]]"
08b4df5b540c407e8dc075da4681d15a,"[[1, 0.3977272727272727, 0.4101633393829401, 0.7069377990430622, 0.3339382940108893]]"
08dbf1781878420a99f5db9292010b4e,"[[4, 0.26120689655172413, 0.5625, 0.2810344827586207, 0.21875]]"
09164332a3a84f41a00d18cc84920700,"[[4, 0.7430555555555556, 0.34598214285714285, 0.5138888888888888, 0.21428571428571427]]"
097d730eb0284920abcad6ba9a6828ab,"[[0, 0.55, 0.4095982142857143, 0.4, 0.5245535714285714]]"
099caa811c53490c9909768725210f19,"[[3, 0.6277472527472527, 0.8113810741687979, 0.11813186813186813, 0.20332480818414322]]"
09dcb16c92e3435b8601ed8c3dd796a9,"[[2, 0.7633333333333333, 0.6071428571428571, 0.21333333333333335, 0.23214285714285715]]"
09e939c1a70f4cd5a834892e4daa1724,"[[4, 0.7913793103448276, 0.6618303571428571, 0.2793103448275862, 0.25223214285714285]]"
0a7502efa14d45cb9ae7e814d745eda2,"[[0, 0.5466666666666666, 0.4810267857142857, 0.7866666666666666, 0.6361607142857143]]"
0aa5a3a96cac4f75b9c3bfc116440852,"[[0, 0.41125, 0.41517857142857145, 0.6575, 0.36607142857142855]]"
0adde70b27bc4ed99f0463bf5d11ac19,"[[3, 0.616304347826087, 0.5491071428571429, 0.18478260869565216, 0.20089285714285715]]"
0bcb9e8201f847f095138111c9eef110,"[[0, 0.47625, 0.7544642857142857, 0.6425, 0.375]]"
0c44c24426b04d2ebd856fcafa0c2dff,"[[0, 0.44375, 0.6138392857142857, 0.75, 0.3794642857142857]]"
0ca7bd05a19546aebc82675edc9a45e9,"[[0, 0.3921875, 0.39174107142857145, 0.2625, 0.546875]]"
0cdb36c7fbb743b4997719e0a832d272,"[[0, 0.6016666666666667, 0.36049107142857145, 0.7533333333333333, 0.546875]]"
0cf82a9e34194770b929bafe4d71d898,"[[0, 0.6206521739130435, 0.5279017857142857, 0.758695652173913, 0.640625]]"
0d09d2e103174b81816188064817e9fe,"[[0, 0.4727272727272727, 0.5625, 0.40454545454545454, 0.29017857142857145]]"
0d5553b1ec0d4d5290076ce4188d529e,"[[0, 0.36724137931034484, 0.4341517857142857, 0.6724137931034483, 0.6272321428571429]]"
0da256d354c04a2ebabc226b9180267b,"[[0, 0.44047619047619047, 0.5479910714285714, 0.38095238095238093, 0.5379464285714286]]"
0db167cdd0c3432c95224e5e33605924,"[[4, 0.7, 0.8091517857142857, 0.22941176470588234, 0.20758928571428573]]"
0e125fbd0abe4caab54e25a5e98e2dec,"[[0, 0.3239130434782609, 0.5167410714285714, 0.6304347826086957, 0.5022321428571429]]"
0e3c72b84f9e48feab600c7124f6d339,"[[0, 0.7989583333333333, 0.5234375, 0.3645833333333333, 0.5334821428571429]]"
0ed97cc77b73478a98dd9ccee9f86307,"[[2, 0.24655172413793103, 0.44754464285714285, 0.2103448275862069, 0.421875]]"
0ee2fd0bf7204bb590cbdf83952d3c93,"[[2, 0.8210526315789474, 0.65625, 0.22631578947368422, 0.27232142857142855]]"
0eecce3d51b049688e5bed2fe1f20d5f,"[[2, 0.6147540983606558, 0.5234248788368336, 0.659016393442623, 0.7075928917609047]]"
0f38948a799e4634ad58d79d815b2dc1,"[[0, 0.6851351351351351, 0.5412946428571429, 0.27837837837837837, 0.484375]]"
0f4c2b15a27d45aabbd935ceb95cb742,"[[1, 0.7633928571428571, 0.4497767857142857, 0.4017857142857143, 0.5111607142857143]]"
0fa9cccc55104ec39a2b163c0e9524b4,"[[0, 0.6426470588235295, 0.3125, 0.7147058823529412, 0.41517857142857145]]"
0fbbf5ab9245455ca5fd0d5eca34ad13,"[[0, 0.4357142857142857, 0.265625, 0.7964285714285714, 0.26785714285714285]]"
100ed482d0c44ad981655f51f8ae6a07,"[[0, 0.5, 0.6595982142857143, 1.0, 0.296875]]"
104cf434d9514977852d7490e8b53f4e,"[[4, 0.5612903225806452, 0.7120535714285714, 0.3064516129032258, 0.24553571428571427]]"
105e2c163a60481b80b486fb50a845ef,"[[4, 0.3381578947368421, 0.5959821428571429, 0.3131578947368421, 0.17410714285714285]]"
1096536906364cf582de7b7369313a13,"[[0, 0.6476190476190476, 0.6171875, 0.5761904761904761, 0.25669642857142855]]"
10bde1e2b41844d98aa100a4dce32251,"[[0, 0.8375, 0.7075892857142857, 0.225, 0.26785714285714285]]"
10c6d5601fa54a229537afca3ba5f69f,"[[0, 0.4789473684210526, 0.5546875, 0.8578947368421053, 0.484375]]"
116992ea0bf94e00b862ddb987654d22,"[[3, 0.3353448275862069, 0.7020089285714286, 0.55, 0.2924107142857143]]"
1194564eb45d449287efb6c75aed3be6,"[[5, 0.7625, 0.4029017857142857, 0.195, 0.10491071428571429]]"
11a6b9b48e3c40e38539fa38be6b214c,"[[4, 0.61875, 0.3169642857142857, 0.4225, 0.35714285714285715]]"
11cff35c5cea4434b05d145ab90d7eb5,"[[4, 0.6392857142857142, 0.5044642857142857, 0.21785714285714286, 0.17410714285714285]]"
124ff9ecef554805b1e11c50b4e93ebd,"[[4, 0.7571428571428571, 0.5145089285714286, 0.2892857142857143, 0.23883928571428573]]"
128a0cc6109a4d2e973cb627e35ff8cb,"[[0, 0.15441176470588236, 0.37723214285714285, 0.3088235294117647, 0.38392857142857145]]"
1297485ca499490292df2c92d6cdaa15,"[[2, 0.5214285714285715, 0.2890625, 0.2357142857142857, 0.24330357142857142]]"
12991a84960a4f89a98b84445c447e51,"[[0, 0.5375, 0.3325892857142857, 0.925, 0.5401785714285714]]"
12a9971714384d6c88ef6c9030ca7864,"[[4, 0.65, 0.5993303571428571, 0.43478260869565216, 0.30580357142857145]]"
133050ba2d7845bab646ecdce98c90c9,"[[3, 0.5344827586206896, 0.5770089285714286, 0.3103448275862069, 0.37276785714285715]]"
133baf1ff5844b978c7b0d7e617ab521,"[[0, 0.4023809523809524, 0.5892857142857143, 0.4, 0.27232142857142855]]"
13539e67b98d4124ada6c08d84aaee6a,"[[4, 0.3465909090909091, 0.6171875, 0.27954545454545454, 0.24776785714285715]]"
13629a74a9644c3cb39475e87630a9f2,"[[0, 0.6430555555555556, 0.43191964285714285, 0.7138888888888889, 0.43080357142857145]]"
1440efa5737145068546ba464c90a86b,"[[4, 0.60625, 0.6350446428571429, 0.3875, 0.359375]]"
145be59dbff34044861d21d224b03971,"[[2, 0.2152777777777778, 0.7991071428571429, 0.17777777777777778, 0.12946428571428573]]"
1512b39f2799494cacd4ca32c80f2a5f,"[[0, 0.6141666666666666, 0.30691964285714285, 0.345, 0.4486607142857143]]"
1524cbda248a43fbaec91ff71431a3e5,"[[0, 0.5296875, 0.6104910714285714, 0.940625, 0.5379464285714286]]"
15372c9ab24d4531b26b9cfcab525e6c,"[[1, 0.7025782688766115, 0.4400998336106489, 0.4180478821362799, 0.5108153078202995]]"
15603012506246ce85fb87c86cb87ef8,[]
15743530533046ac86916cdd7e67ccf5,"[[4, 0.39444444444444443, 0.6696428571428571, 0.16111111111111112, 0.15625]]"
15efd81de1f04ee29391aaa8691f2d42,"[[0, 0.42857142857142855, 0.6216517857142857, 0.6, 0.43080357142857145]]"
162b6e99dd2b49de959f7cf90bc27b0e,"[[0, 0.79375, 0.4330357142857143, 0.3458333333333333, 0.6205357142857143]]"
16a860aa555b4fb98e0a6c869800c8b5,"[[4, 0.3397058823529412, 0.6205357142857143, 0.35, 0.39732142857142855]]"
16d5cde5d1c449ff92c53776f7c560eb,[]
1700a79520904918846cab851bc8b2c4,"[[4, 0.22758620689655173, 0.6283482142857143, 0.3, 0.18973214285714285]]"
17046b9301014c7e93eb1cb162c9a34d,"[[1, 0.281, 0.38504464285714285, 0.17, 0.34151785714285715]]"
174c67ad58de4c41a8417a5e5106fde7,"[[5, 0.63125, 0.5122767857142857, 0.23125, 0.09151785714285714]]"
18b1b7af2b8d4d00b09b926966e81864,"[[0, 0.6767857142857143, 0.5435267857142857, 0.6464285714285715, 0.6450892857142857]]"
18b2192eeef5409a953cbc3603c57bb4,"[[2, 0.6, 0.37611607142857145, 0.5041666666666667, 0.19419642857142858]]"
18bb49cc464d407e8e3808232052d65d,"[[4, 0.2189655172413793, 0.33035714285714285, 0.32413793103448274, 0.24553571428571427]]"
19a25fe3b9974a60a9d021cddf2be660,"[[1, 0.4825, 0.7265625, 0.555, 0.22544642857142858]]"
19b89acb032c4ba3ac5a68337715c9e3,"[[2, 0.3145009416195857, 0.3994755244755245, 0.2862523540489642, 0.1346153846153846]]"
1a47c2734b9944dbbc3963a67a14d765,"[[0, 0.4913461538461538, 0.6127232142857143, 0.675, 0.609375]]"
1a8af4315c9d4985a2cb0d8b62d1997b,"[[4, 0.656578947368421, 0.4732142857142857, 0.3605263157894737, 0.26339285714285715]]"
1af6d729623746e9844dee9927edff04,"[[4, 0.54375, 0.5569196428571429, 0.3475, 0.265625]]"
1b85fc49b31a49b481fd5c182d9f230f,"[[4, 0.75546875, 0.19196428571428573, 0.2234375, 0.16071428571428573]]"
1bd4a8f1179a46c5a1471f74847f0e45,"[[4, 0.3265625, 0.5133928571428571, 0.478125, 0.3705357142857143]]"
1c09b3bf0c064016b7b87d24a95c4906,"[[0, 0.3760869565217391, 0.37388392857142855, 0.4260869565217391, 0.5022321428571429]]"
1c3a3273685f4a23acf1b5281809b580,"[[1, 0.4625, 0.7433035714285714, 0.4083333333333333, 0.16517857142857142]]"
1c420f812f5642db88d26e1e96c00d93,"[[2, 0.5605263157894737, 0.3794642857142857, 0.6578947368421053, 0.10267857142857142]]"
1c8f6d38c3e24fa4a8a9c9fd1c582556,"[[0, 0.6013888888888889, 0.7332589285714286, 0.7305555555555555, 0.13616071428571427]]"
1cc1f4a8f9bc444d9de5582b8472eba4,"[[3, 0.2926470588235294, 0.6450892857142857, 0.26176470588235295, 0.26339285714285715]]"
1d2ace76b2094c6992edac72709966fa,"[[0, 0.275, 0.7131696428571429, 0.40454545454545454, 0.4486607142857143]]"
1d3e041f8cb64b9ba1793b2c24a14371,"[[3, 0.47987616099071206, 0.5735908141962421, 0.058823529411764705, 0.09916492693110647]]"
1d4fed127eed45fda0a91ddc736eab52,"[[0, 0.7, 0.6428571428571429, 0.6, 0.2544642857142857]]"
1dd28dca45bd4d66be6a23cd42ae9115,"[[4, 0.5979166666666667, 0.5859375, 0.5541666666666667, 0.3325892857142857]]"
1e30d68c8097443cb81cbbad1fad49db,[]
1e55b3c5bb2d40dd88819c0ac3127077,"[[1, 0.44583333333333336, 0.5658482142857143, 0.33611111111111114, 0.296875]]"
1e75668b3b3540c986ee71e628327012,"[[2, 0.20892857142857144, 0.5066964285714286, 0.41785714285714287, 0.5714285714285714]]"
1ec3b6f6ebb64c9ebb1ff0676e000cf5,"[[1, 0.5273809523809524, 0.4955357142857143, 0.2119047619047619, 0.29017857142857145]]"
1eff13916b37461c9b5c8ee9e0bc1a5d,"[[3, 0.5625, 0.8180803571428571, 0.74, 0.18080357142857142]]"
1f2a834cd7f54fd79eddea2e7d3c392a,"[[3, 0.3989071038251366, 0.803490990990991, 0.4207650273224044, 0.26013513513513514]]"
1f422285576b43bc89fa673620ce3431,"[[4, 0.41125, 0.8013392857142857, 0.1925, 0.24553571428571427]]"
1faa768f5d794c0ea4e545b504725a42,"[[1, 0.6120448179271709, 0.49829642248722317, 0.4425770308123249, 0.3049403747870528]]"
200c92a300b349598440d8c5577e8179,"[[1, 0.5118483412322274, 0.39316987740805603, 0.8625592417061612, 0.3204903677758319]]"
2010e03a405147bc8993fd27f822b4f1,"[[2, 0.8211143695014663, 0.5020080321285141, 0.11436950146627566, 0.2971887550200803]]"
203397883e534332948fb26f7606398d,"[[4, 0.6958333333333333, 0.13839285714285715, 0.19166666666666668, 0.20089285714285715]]"
208c55570fc948ad81c60e37982e560d,[]
20940fb54f4a4e55a4e0f1776a664561,"[[2, 0.592391304347826, 0.40848214285714285, 0.28043478260869564, 0.10267857142857142]]"
220ffe00931642eeb3fda06b6c7e8321,"[[1, 0.7319672131147541, 0.6265709156193896, 0.33278688524590166, 0.11490125673249552]]"
2223f5619c8a4a12b98d4482f80ac61a,"[[2, 0.171875, 0.6830357142857143, 0.24791666666666667, 0.3169642857142857]]"
227a1d69e8084993897ccd9cfdfe58e7,"[[1, 0.35, 0.5602678571428571, 0.3137931034482759, 0.4642857142857143]]"
22c089d67c89411e80bfe027fe64f83b,"[[3, 0.425, 0.5245535714285714, 0.18043478260869567, 0.26339285714285715]]"
2309abd04802474888fbf4ab6700ede0,"[[5, 0.36328125, 0.4765625, 0.3078125, 0.09598214285714286]]"
232b8cd91af4459d870f12c0182b237d,"[[2, 0.55, 0.546875, 0.23333333333333334, 0.2767857142857143]]"
235244dfebe94ca794da0309ca5b2fe4,"[[5, 0.2972222222222222, 0.5055803571428571, 0.37777777777777777, 0.078125]]"
2402e55244154bf4876dab4d66192d8b,"[[0, 0.49375, 0.5178571428571429, 0.4625, 0.2544642857142857]]"
245e2b4088e941ffa347fe4305a77d82,"[[4, 0.7171052631578947, 0.5502232142857143, 0.3131578947368421, 0.2924107142857143]]"
263ddeaf270f464fa9a5f84f89c6b7f4,"[[1, 0.9097902097902097, 0.4720670391061452, 0.14685314685314685, 0.6983240223463687]]"
268b2f942051433a84643a25bdc65b22,"[[4, 0.2351851851851852, 0.7678571428571429, 0.3814814814814815, 0.3080357142857143]]"
26fe517edc7e416cb71f348737249d71,"[[5, 0.9008928571428572, 0.5167410714285714, 0.044642857142857144, 0.2700892857142857]]"
27e184e2a97f46679805cd7dc3355e0e,"[[0, 0.6068181818181818, 0.6830357142857143, 0.7545454545454545, 0.5803571428571429]]"
2870f714ef014f5f999f7c7e720f2320,"[[0, 0.41634615384615387, 0.4720982142857143, 0.5134615384615384, 0.2611607142857143]]"
2873e74571e44dad95992c2061131261,"[[3, 0.6267857142857143, 0.2845982142857143, 0.18214285714285713, 0.22544642857142858]]"
2937afe866a64dbf8e2170d0581bf634,"[[0, 0.2361111111111111, 0.6283482142857143, 0.22777777777777777, 0.43526785714285715]]"
29acab48935f49c09e3f917914c0adba,"[[4, 0.775, 0.6662946428571429, 0.12391304347826088, 0.16741071428571427]]"
29af26eed325495797c3c857476b8308,"[[4, 0.528448275862069, 0.7522321428571429, 0.16379310344827586, 0.09821428571428571]]"
2a047791964e4a75a18ddddd4cf3d66b,"[[1, 0.38660714285714287, 0.5334821428571429, 0.5839285714285715, 0.5401785714285714]]"
2a2776c3cc214ca4938e48a707202b20,"[[1, 0.5669642857142857, 0.8147321428571429, 0.1875, 0.20535714285714285]]"
2a513c341f614dfc80fc85c3a0fb88d6,[]
2a5634f5f0db4e4594841d3627c70c3d,"[[5, 0.41333333333333333, 0.546875, 0.22, 0.12946428571428573]]"
2a9ff96ef95a4118bf5b75b84e8c441d,"[[0, 0.7223684210526315, 0.30245535714285715, 0.39210526315789473, 0.3950892857142857]]"
2af53c5cd437485e9e99fa76140ae172,"[[3, 0.22321428571428573, 0.5479910714285714, 0.17857142857142858, 0.7700892857142857]]"
2b166af3994e422a8768b907cd06b646,"[[2, 0.4704271631982475, 0.48628257887517146, 0.12814895947426067, 0.20164609053497942]]"
2b292be91d064f5db1e66795fd95ae6e,"[[3, 0.3821689259645464, 0.9052631578947369, 0.24087591240875914, 0.042105263157894736]]"
2b2b8dda11754642a4cd4b0b02724d13,"[[4, 0.6926470588235294, 0.40736607142857145, 0.4676470588235294, 0.44419642857142855]]"
2b55aec66782448d93d50f2e4c6c29ef,"[[1, 0.184070796460177, 0.39671052631578946, 0.2831858407079646, 0.7276315789473684]]"
2b8eeecf796e4488a2f1a33a6a0ec10d,[]
2b9eb21eb15c48dc8414443ea9aa1ffc,"[[3, 0.4076923076923077, 0.4185267857142857, 0.4846153846153846, 0.453125]]"
2c5196bde7aa4fe9b0be47541ae1ba8f,"[[4, 0.2726190476190476, 0.609375, 0.27380952380952384, 0.32142857142857145]]"
2cf1f5d2efe9495798c0efb313788368,"[[0, 0.5152173913043478, 0.6417410714285714, 0.28695652173913044, 0.27901785714285715]]"
2d528e7d94e14ce3b279b7f067dd1299,"[[4, 0.5861111111111111, 0.6796875, 0.7111111111111111, 0.265625]]"
2dbf84e6f5eb4a5399de1b8cf63634ee,"[[2, 0.9240506329113924, 0.5246679316888045, 0.1518987341772152, 0.5597722960151803]]"
2df08b7d2bba40a4a1491e8fb0bd6ccd,"[[4, 0.2652777777777778, 0.7176339285714286, 0.3861111111111111, 0.27901785714285715]]"
2e207214ead0402e960e31355ebf8f31,"[[0, 0.421551724137931, 0.28013392857142855, 0.36379310344827587, 0.22991071428571427]]"
2e3fcbd2e59b44f2a04cadd2919275f2,"[[4, 0.802, 0.5368303571428571, 0.304, 0.46205357142857145]]"
2e61d6e5961744809ecba2657f12a2fe,"[[2, 0.23636363636363636, 0.5837053571428571, 0.2409090909090909, 0.33705357142857145]]"
2eacfe67fd6a457d9ed13c47f79d0792,"[[0, 0.3080357142857143, 0.7053571428571429, 0.4089285714285714, 0.26785714285714285]]"
2eb62cb833af4e2aac1e8c5bfa2c7554,"[[3, 0.5631578947368421, 0.8292410714285714, 0.5157894736842106, 0.06919642857142858]]"
2ed8fb8194744be4b540735bf0c31739,"[[4, 0.47333333333333333, 0.44642857142857145, 0.5133333333333333, 0.38839285714285715]]"
2f057a7cd48349358d0ef64d4614d377,"[[2, 0.7942708333333334, 0.46153846153846156, 0.12239583333333333, 0.13114754098360656]]"
2f14508fbc2043a9ab43f0fb333ce911,"[[0, 0.38392857142857145, 0.6886160714285714, 0.5464285714285714, 0.35044642857142855]]"
2f1d7239f6c342d992efdd1a7e4e5499,"[[3, 0.6575, 0.5602678571428571, 0.305, 0.38392857142857145]]"
2f5b68ccab6c4a69b5c1ffda0c1c7054,"[[4, 0.40441176470588236, 0.4341517857142857, 0.5852941176470589, 0.40401785714285715]]"
2f6478d52d1947b194bca3f46204bcd4,"[[2, 0.44583333333333336, 0.5602678571428571, 0.8916666666666667, 0.5044642857142857]]"
2fbebd11f62744968b4f15c97d28e343,"[[0, 0.5544642857142857, 0.5357142857142857, 0.5339285714285714, 0.5357142857142857]]"
301bebd3364e42e7a347d6687a0d3ade,"[[0, 0.584375, 0.359375, 0.38958333333333334, 0.4642857142857143]]"
30952615383046678bc163fed9baa21c,"[[0, 0.29125, 0.6930803571428571, 0.3675, 0.296875]]"
30c607ca3e4c4853b048f4791e690ff6,"[[0, 0.5552083333333333, 0.43191964285714285, 0.36041666666666666, 0.36830357142857145]]"
30eff7fe671141ed9a29ea0032b3c53b,"[[0, 0.5175, 0.5669642857142857, 0.6616666666666666, 0.29464285714285715]]"
31418761ebde4fd19c94def97c4bca53,"[[5, 0.3619047619047619, 0.42745535714285715, 0.1761904761904762, 0.13169642857142858]]"
3182971db1ed44e79ef6c0148650db2e,"[[4, 0.47368421052631576, 0.48214285714285715, 0.5684210526315789, 0.2767857142857143]]"
318cb424e0ae4ab39ffe15d3344ca52f,"[[4, 0.3016666666666667, 0.4654017857142857, 0.2, 0.25669642857142855]]"
31a454386ab04c5e8f29114fe06454a9,"[[4, 0.39210526315789473, 0.27120535714285715, 0.26842105263157895, 0.25223214285714285]]"
31a89a3aac1f446e8b89636fdfd0a11a,"[[0, 0.48, 0.38950892857142855, 0.22, 0.22544642857142858]]"
31ac71d6406c488d80b12a447288a239,"[[1, 0.45714285714285713, 0.43191964285714285, 0.9142857142857143, 0.5245535714285714]]"
31fc60ff794245f3982bb1aa5d92edcd,"[[0, 0.485, 0.5892857142857143, 0.97, 0.5491071428571429]]"
31fe08c3d4f34a208c195147fb7e5533,"[[0, 0.17763157894736842, 0.45200892857142855, 0.29210526315789476, 0.5066964285714286]]"
322a5981d34d4fe7b2b4c5e12e6e1e2d,"[[0, 0.6136363636363636, 0.6439732142857143, 0.6909090909090909, 0.41294642857142855]]"
32a306603ba844fdbd571684744adfb6,"[[2, 0.5323529411764706, 0.5491071428571429, 0.6, 0.25892857142857145]]"
32a74439dc8446fea740ab72840f9363,"[[0, 0.21022727272727273, 0.37388392857142855, 0.3795454545454545, 0.46651785714285715]]"
32b9cbcf218d4099801ce55492b36f1c,"[[3, 0.22826086956521738, 0.5642605633802817, 0.4311594202898551, 0.772887323943662]]"
32c5facc27164a1abd427f99ef10cc74,"[[4, 0.41625, 0.6618303571428571, 0.4675, 0.25223214285714285]]"
34963087a69648cc9b1548b441bd077d,"[[4, 0.3, 0.5245535714285714, 0.2, 0.17410714285714285]]"
349738a371dd42fead9e82d540792da3,"[[4, 0.26944444444444443, 0.45870535714285715, 0.26666666666666666, 0.27901785714285715]]"
34ea8ccf4e3e409f9e37b9417be8c576,"[[4, 0.678125, 0.6584821428571429, 0.33125, 0.21428571428571427]]"
352d9d94d01f42d9bc62a46d9f81c4b4,[]
354c2e9857fd43cda294d668e0a8b338,"[[2, 0.7045197740112994, 0.47226277372262776, 0.13898305084745763, 0.2905109489051095]]"
35604b685ffb441ba8bf6b36d1ba6ad8,"[[1, 0.49770642201834864, 0.7495429616087751, 0.17889908256880735, 0.20840950639853748]]"
35624dbaaf4d4a099390fa25bcac1d44,"[[2, 0.21565315315315314, 0.6195652173913043, 0.1204954954954955, 0.1956521739130435]]"
36985b2e9e3b4704899552c2dd0d7383,"[[3, 0.7305555555555555, 0.4877232142857143, 0.32037037037037036, 0.6941964285714286]]"
36a850b0e3ee4a5b80c89d30bcff4aa3,"[[0, 0.3273809523809524, 0.4877232142857143, 0.6261904761904762, 0.47544642857142855]]"
36bd791d5f094c938464161fde3491bf,"[[4, 0.29782608695652174, 0.453125, 0.34782608695652173, 0.2857142857142857]]"
37273ff9e0d4478ca56fac3e5f22e261,"[[3, 0.07352941176470588, 0.6022514071294559, 0.06209150326797386, 0.25140712945590993]]"
3778e29c74f34967b94b268c07d0b967,"[[0, 0.38, 0.5770089285714286, 0.76, 0.390625]]"
3791bb4d2bf04efb85add292cdd64b55,[]
37c902abcf684784a03900f4deaeeb42,"[[0, 0.3680555555555556, 0.5970982142857143, 0.7027777777777777, 0.5915178571428571]]"
37cb10989f25431c914437d8d698bea7,"[[2, 0.5858333333333333, 0.8258928571428571, 0.12833333333333333, 0.125]]"
385f9109792646b6aca6362130def0a8,"[[4, 0.6741071428571429, 0.5982142857142857, 0.3482142857142857, 0.22321428571428573]]"
38bf5a1f7532460f8692dda9247db5c7,"[[3, 0.3859375, 0.421875, 0.578125, 0.5223214285714286]]"
3999d798aba04859adf94e7ec6986439,"[[2, 0.42833333333333334, 0.49107142857142855, 0.8566666666666667, 0.5089285714285714]]"
39ba722e77484d02bbeab610aff09419,"[[2, 0.3382352941176471, 0.36830357142857145, 0.35294117647058826, 0.13839285714285715]]"
3a3fb385cd9c4de29858f853c2262752,"[[2, 0.4342105263157895, 0.6964285714285714, 0.4263157894736842, 0.09821428571428571]]"
3a6755ac3b7a4cff8ad85f7f3bdd3b8c,"[[1, 0.4875, 0.7901785714285714, 0.47115384615384615, 0.2767857142857143]]"
3a99af8921d6492192bcc7e419047396,[]
3ab757c9ecf34259b9dd9d4fa92d8c9f,"[[0, 0.70625, 0.32700892857142855, 0.5875, 0.3950892857142857]]"
3ad32377d53e4d05bf25771c5251a644,"[[1, 0.4870689655172414, 0.5982142857142857, 0.5672413793103448, 0.20535714285714285]]"
3b0425b8073b4dcd961195e189de9115,"[[5, 0.16521739130434782, 0.515625, 0.1, 0.3125]]"
3b3153d2470041db9f3b2f9da14170b3,"[[0, 0.18333333333333332, 0.6149553571428571, 0.29333333333333333, 0.16294642857142858]]"
3bb86dfbdef14ee7b754a675edd24cb8,"[[4, 0.5238095238095238, 0.7064732142857143, 0.38571428571428573, 0.22544642857142858]]"
3bf5de8f29e44be8925b5924ed63d88b,[]
3c0f467666a947a1a29eb10048dc47dc,"[[0, 0.4636363636363636, 0.6238839285714286, 0.5727272727272728, 0.31026785714285715]]"
3c21ce2b1dfb44b99286d078842326aa,"[[1, 0.721875, 0.3716517857142857, 0.375, 0.6183035714285714]]"
3c569e97ca874c5f8ff28385389c8f90,"[[0, 0.4022727272727273, 0.6104910714285714, 0.7181818181818181, 0.6540178571428571]]"
3c58edfb405c4561af6d0be7767ddeb0,"[[4, 0.29782608695652174, 0.5513392857142857, 0.14347826086956522, 0.36607142857142855]]"
3cd1b5c18e0f4625bd7c4de9c2b43972,"[[4, 0.8810606060606061, 0.3247767857142857, 0.13787878787878788, 0.25223214285714285]]"
3ce9444194fe413eb9f4b952d607beef,"[[1, 0.4986842105263158, 0.5200892857142857, 0.6921052631578948, 0.42410714285714285]]"
3d1461e35f904cb6a8d24846c7c8b198,"[[2, 0.13695395513577333, 0.6563039723661486, 0.11570247933884298, 0.3488773747841105]]"
3d383411a0954240963ed578978c44a1,"[[1, 0.6647058823529411, 0.6361607142857143, 0.6470588235294118, 0.17410714285714285]]"
3d73bd03371c43f983c3d55b27a090d7,"[[2, 0.8069016152716594, 0.3711340206185567, 0.18355359765051396, 0.37938144329896906]]"
3df0753945084c64b2c3058103319a49,"[[0, 0.3625, 0.49330357142857145, 0.5428571428571428, 0.4330357142857143]]"
3dfa4c702c96435ca20af07e5033f656,"[[5, 0.266, 0.42857142857142855, 0.16, 0.08928571428571429]]"
3e3f65c6a4924701bd40ef1a2dc65031,"[[4, 0.525, 0.6618303571428571, 0.2230769230769231, 0.2700892857142857]]"
3e57eb48535e4e19b86bb321f6d6c10e,"[[1, 0.3643867924528302, 0.31863979848866497, 0.4882075471698113, 0.28967254408060455]]"
3ec183d90a40467db82aeb33eae091d7,"[[4, 0.8224137931034483, 0.36941964285714285, 0.2655172413793103, 0.41294642857142855]]"
3f00ddfbdfaf494ab42a2e0ccb5e6875,"[[2, 0.7602272727272728, 0.20200892857142858, 0.16136363636363638, 0.19866071428571427]]"
3f1b4248476d4057887a09fec389acdc,"[[1, 0.6266592920353983, 0.4829001367989056, 0.5077433628318584, 0.2763337893296854]]"
3f45aeb8480b45e6b231cd55bd24840b,"[[0, 0.5, 0.7511160714285714, 1.0, 0.49776785714285715]]"
405fe97358ed478ca5c61fb61247f089,"[[0, 0.4934210526315789, 0.5111607142857143, 0.7078947368421052, 0.4732142857142857]]"
4154dd3f8db74b25889aad8e50c4f2b0,"[[2, 0.42023809523809524, 0.546875, 0.42142857142857143, 0.19642857142857142]]"
4183584af22345d1854be1febcb879ce,"[[3, 0.37125, 0.6417410714285714, 0.2025, 0.3861607142857143]]"
41d7de2a9b554e7e9090595886b5f3b9,"[[5, 0.5989583333333334, 0.35825892857142855, 0.2604166666666667, 0.08258928571428571]]"
4212ab9610384481bef9292f05bd155e,"[[3, 0.4275, 0.5200892857142857, 0.855, 0.21875]]"
4224530dc74847f1862a01b64810a9e3,"[[0, 0.5054347826086957, 0.3404017857142857, 0.9282608695652174, 0.5513392857142857]]"
42b42b150bc04f41906bcc8494e92ae5,"[[0, 0.5606060606060606, 0.3638392857142857, 0.803030303030303, 0.6205357142857143]]"
42cf4cf348af40e2ae4a4c6af957211a,"[[1, 0.7023988005997002, 0.5445075757575758, 0.5952023988005997, 0.8238636363636364]]"
42df9e0bdb6e45cbbbaa55847f0e9011,"[[0, 0.45666666666666667, 0.4017857142857143, 0.6133333333333333, 0.20089285714285715]]"
42e0e33f37104dffb82e64e624a18b07,"[[4, 0.8083333333333333, 0.7287946428571429, 0.1111111111111111, 0.27455357142857145]]"
4365351235dd4cb5930a9223bb9a5580,"[[5, 0.22777777777777777, 0.28683035714285715, 0.24444444444444444, 0.10491071428571429]]"
43db5291edb044318c8c8961c6954c0b,"[[3, 0.5875, 0.625, 0.634090909090909, 0.21875]]"
44f96ad8d19d496d9f0e56198a201cfa,"[[0, 0.36022727272727273, 0.3861607142857143, 0.43863636363636366, 0.45535714285714285]]"
451718d24ac94b14a0db684bb0c59024,"[[3, 0.2644927536231884, 0.7357032457496137, 0.21980676328502416, 0.41112828438948995]]"
45293462a26348bd8f4452c8a85a7748,"[[5, 0.09861111111111111, 0.6595982142857143, 0.1638888888888889, 0.14508928571428573]]"
455e4a0948bf493a805acc96e1b651ba,"[[3, 0.7277777777777777, 0.37723214285714285, 0.49444444444444446, 0.33482142857142855]]"
45af5fbf885d4a79a6ea35c6db3c5b5f,"[[2, 0.425, 0.3716517857142857, 0.43125, 0.39955357142857145]]"
45ce5c6760ba4e1da59697e64e6c9612,"[[3, 0.578125, 0.28683035714285715, 0.490625, 0.12276785714285714]]"
45de5283c04145b1abae750bbb396ec0,"[[0, 0.49027777777777776, 0.5323660714285714, 0.7027777777777777, 0.6361607142857143]]"
4681fff70a384cfb9cfce3ac91005c0e,"[[2, 0.6928571428571428, 0.41629464285714285, 0.475, 0.4888392857142857]]"
46890c3a2b894e24b0f61abecd4c1127,"[[4, 0.3264705882352941, 0.34598214285714285, 0.4294117647058823, 0.32589285714285715]]"
46acf7eb9ac0442c8296f8f179eb4426,"[[4, 0.6181818181818182, 0.5122767857142857, 0.39090909090909093, 0.421875]]"
46ee3fe4f3064029b587c5fb892c91c5,"[[5, 0.1971153846153846, 0.34933035714285715, 0.1519230769230769, 0.11383928571428571]]"
475e3e64be2640c3ac537395642a8ab3,"[[4, 0.5375, 0.7064732142857143, 0.39375, 0.28794642857142855]]"
47dffbf878bb4c788cb1a2aa3003747e,"[[1, 0.3120689655172414, 0.7087053571428571, 0.3310344827586207, 0.16741071428571427]]"
48053a150237494695dfe613932a2d17,"[[2, 0.5978260869565217, 0.36495535714285715, 0.3173913043478261, 0.18973214285714285]]"
4815e23df1444d679a960efb1c5d70a3,"[[3, 0.8, 0.6395089285714286, 0.2392857142857143, 0.21205357142857142]]"
48608fce3e4b4122b99abc4c3bd6c8de,"[[4, 0.15875, 0.5513392857142857, 0.3175, 0.5625]]"
4884d1ce99a247ce94a6b7e08ab25894,"[[4, 0.3859375, 0.5111607142857143, 0.240625, 0.25892857142857145]]"
48887edd746146179c886b8a4f6297dd,"[[5, 0.20603448275862069, 0.5457589285714286, 0.06379310344827586, 0.22991071428571427]]"
48a5fd182c9647508b52aecb4a47f3c8,"[[4, 0.5, 0.6819196428571429, 0.575, 0.24776785714285715]]"
48c111ee0acd48829ad4f3be54b3197f,[]
491cbe4f2c9e483e95f047f73edf734a,"[[1, 0.5358695652173913, 0.8013392857142857, 0.40652173913043477, 0.08482142857142858]]"
4983fb770c8140f2a99258b7f17b5814,"[[4, 0.8095238095238095, 0.7064732142857143, 0.15714285714285714, 0.203125]]"
499e5a4708994d1d887c5c25b3dd03d8,[]
4a5e71ee56c7464b9fd4ae9247267e9a,"[[4, 0.690625, 0.45535714285714285, 0.59375, 0.35267857142857145]]"
4a75e9db538440b38324c13079063f51,"[[0, 0.82, 0.5212053571428571, 0.196, 0.8058035714285714]]"
4abb9ff3a4694575964e21481ed2ae36,"[[0, 0.7328947368421053, 0.5212053571428571, 0.39210526315789473, 0.3549107142857143]]"
4afff98cf66349ffbb4222962e14c987,"[[0, 0.482, 0.43191964285714285, 0.36, 0.6540178571428571]]"
4beaa5f9270f424cb35a0ee711dcf4a4,"[[5, 0.165, 0.4107142857142857, 0.09666666666666666, 0.3080357142857143]]"
4c5c580feabc4258affd295b54416b3c,"[[4, 0.5875, 0.7566964285714286, 0.5138888888888888, 0.1875]]"
4cf5fbe1a634439cb93088988703e634,"[[4, 0.5316666666666666, 0.45535714285714285, 0.8233333333333334, 0.29910714285714285]]"
4d27a91dc14e43ae9b16a3fe192e8be3,"[[4, 0.6395833333333333, 0.38950892857142855, 0.37083333333333335, 0.328125]]"
4d869a05a6954148826900fd90877099,"[[1, 0.6760869565217391, 0.48995535714285715, 0.6434782608695652, 0.30580357142857145]]"
4d8bf975f8a14fab9fbc1fa7db9bbd6b,"[[1, 0.6223684210526316, 0.6841517857142857, 0.49736842105263157, 0.25223214285714285]]"
4da3173228754d06b8a0780cab1cd3e0,"[[1, 0.39166666666666666, 0.4799107142857143, 0.4166666666666667, 0.20535714285714285]]"
4db901c58d274283ae6cc5d7f9bedae0,"[[4, 0.6575, 0.6395089285714286, 0.685, 0.33705357142857145]]"
4e55b0a822c14983ad00afe7994a74cc,"[[3, 0.515, 0.38950892857142855, 0.4166666666666667, 0.16741071428571427]]"
4e7b2ca0242b417c8751e6b906aa0507,"[[4, 0.4646551724137931, 0.5647321428571429, 0.49482758620689654, 0.27232142857142855]]"
4f0f5c93b13844129e5ad60be2864a47,"[[4, 0.36375, 0.3125, 0.4425, 0.29464285714285715]]"
4f5e46b336974a15b305c489d2b41c8e,"[[3, 0.8267429760665973, 0.6799163179916318, 0.14464099895941726, 0.35564853556485354]]"
4fbff32eb5fe4d9d85e14b33af5856af,"[[1, 0.1241554054054054, 0.5189393939393939, 0.23479729729729729, 0.7702020202020202]]"
5018f13e82bf4429aaa035473dbecaef,"[[1, 0.492619926199262, 0.5114566284779051, 0.6531365313653137, 0.14238952536824878]]"
50533ca829754887a5a94e84ac8501ba,"[[0, 0.253125, 0.3549107142857143, 0.46458333333333335, 0.4732142857142857]]"
506e06207f0d4a0980889e342443316f,"[[1, 0.725, 0.5691964285714286, 0.225, 0.19642857142857142]]"
50a512331b02445aa8b860f9798e4b72,"[[2, 0.23725728155339806, 0.4956521739130435, 0.29975728155339804, 0.2991304347826087]]"
50c90de9f0f244b5b7bfcdfec54a13a2,"[[0, 0.43243243243243246, 0.8058035714285714, 0.7513513513513513, 0.14732142857142858]]"
50d6b3c7b14c4d57af52f4e5bef2c98f,"[[1, 0.32983870967741935, 0.703125, 0.27903225806451615, 0.125]]"
512dc3f34d8c421d91896d478c0bc54d,"[[1, 0.7291666666666666, 0.44754464285714285, 0.4666666666666667, 0.5066964285714286]]"
51324f0df2d34a7785d68f3fa75f5cad,"[[0, 0.19375, 0.6194196428571429, 0.3475, 0.5200892857142857]]"
518fc6c46641474a84c3d158444cb209,"[[4, 0.7271739130434782, 0.34486607142857145, 0.15434782608695652, 0.14508928571428573]]"
51c3dda23cc1448e8b8e444da9fd3462,"[[4, 0.43839285714285714, 0.48549107142857145, 0.6053571428571428, 0.38169642857142855]]"
51f55bd932db46249e49c55956680793,"[[4, 0.55, 0.6261160714285714, 0.24782608695652175, 0.13616071428571427]]"
520197e2747645fab981e2c9deca1c5a,"[[0, 0.5, 0.296875, 1.0, 0.59375]]"
524e7f6dc9d64312ad69ee2931ed1724,"[[3, 0.2855603448275862, 0.5738434163701067, 0.5711206896551724, 0.4928825622775801]]"
52c4d0edc48b43b59f8defd33f138741,"[[4, 0.675, 0.6283482142857143, 0.2637931034482759, 0.22991071428571427]]"
52d5fe4a91ab4b70b14ee74c3f68abad,[]
52eacff42808419fbc3f5ef7250f6e72,"[[5, 0.49921875, 0.3013392857142857, 0.6046875, 0.10714285714285714]]"
52f5e8d956ba453390497ac5132df191,"[[3, 0.5552631578947368, 0.6328125, 0.48947368421052634, 0.14955357142857142]]"
5353e738a07a4139b04040b2dcb8f5eb,"[[3, 0.65, 0.3470982142857143, 0.585, 0.6183035714285714]]"
5376c40db3494f6fa2ad2c04e3854b1c,[]
53c32eca937d4ec683190ccfb26ba326,"[[0, 0.7625, 0.6049107142857143, 0.36346153846153845, 0.41517857142857145]]"
53e6c849985b4b05bef1aa946b1400f9,"[[5, 0.6605263157894737, 0.6506696428571429, 0.07368421052631578, 0.28794642857142855]]"
5413e3e49e144ef281839c9fc9674382,"[[0, 0.20113636363636364, 0.5200892857142857, 0.4022727272727273, 0.75]]"
5435204a04d5426c9cf451edbe04b656,"[[0, 0.79921875, 0.35267857142857145, 0.2140625, 0.3794642857142857]]"
5481afcb3bee4c738a835385adcd16ae,"[[5, 0.37884615384615383, 0.5535714285714286, 0.11538461538461539, 0.21428571428571427]]"
54e244ef135b4dc8b8172b0835816e77,"[[0, 0.8721153846153846, 0.5714285714285714, 0.25576923076923075, 0.5580357142857143]]"
54e50c24d4ed460f9a48db8240f3c509,"[[0, 0.3125, 0.5814732142857143, 0.5321428571428571, 0.2611607142857143]]"
5557aaf7b7434ff79859372bd764974a,"[[0, 0.47375, 0.4877232142857143, 0.8375, 0.7075892857142857]]"
5611fa8de6374dd49ee1e23ade593d07,"[[4, 0.4420454545454545, 0.6473214285714286, 0.29318181818181815, 0.25892857142857145]]"
56389278250e40dfb34a2dad5c553345,"[[2, 0.7583333333333333, 0.8158482142857143, 0.3333333333333333, 0.13616071428571427]]"
56a10d5947164897ba0bb294b45f8f89,"[[4, 0.3024193548387097, 0.4654017857142857, 0.2725806451612903, 0.14955357142857142]]"
56ce940d7a0b44feaa5dc0c9e6fa0ef2,"[[3, 0.5916666666666667, 0.3470982142857143, 0.5633333333333334, 0.23883928571428573]]"
56ea295a86554e9ab0730c97b5519590,[]
57668a928ce546b68a289ea01c49014d,"[[4, 0.4511904761904762, 0.53125, 0.39285714285714285, 0.3169642857142857]]"
57c0b47bc16242c9bfc4dc52e94e4c04,"[[1, 0.1875, 0.5892857142857143, 0.08333333333333333, 0.41964285714285715]]"
57d628883f524eca8f3dd6b11e201cfa,"[[4, 0.4859375, 0.375, 0.190625, 0.3080357142857143]]"
580d7d8d5a8d4ed6b20b90fcc0c450d3,"[[5, 0.537, 0.75, 0.086, 0.19642857142857142]]"
583bead4f7b1412183016f58adf14ceb,"[[5, 0.4025, 0.4564732142857143, 0.27, 0.06473214285714286]]"
5858bec6dc994b7ebb9ea7fb762a11e6,"[[0, 0.4660714285714286, 0.5390625, 0.5107142857142857, 0.3861607142857143]]"
589a186f16434b72a1c5d81b2896b9b0,"[[0, 0.348, 0.7377232142857143, 0.46, 0.359375]]"
58d5d62eba4c4b1784752c5a80898af1,"[[1, 0.5973782771535581, 0.5774539877300614, 0.5605493133583022, 0.36349693251533743]]"
59000a60f50245dc8eb0658da3a48bb2,"[[0, 0.5202380952380953, 0.39732142857142855, 0.4976190476190476, 0.375]]"
591eeac441514464ad1f011b732edef8,"[[0, 0.557, 0.5011160714285714, 0.846, 0.7075892857142857]]"
5937a63f30874b9e9424e5d1bfd28a38,"[[0, 0.4381578947368421, 0.5546875, 0.6710526315789473, 0.46205357142857145]]"
59965553658349ba841f7ea9ca61dd05,"[[0, 0.6842592592592592, 0.5267857142857143, 0.25, 0.38839285714285715]]"
5a9785ac7e2545a4b5b8cab5ebafb2b9,"[[2, 0.780952380952381, 0.5133928571428571, 0.1761904761904762, 0.2857142857142857]]"
5af28af2281b473c897565bf85c7b64f,"[[2, 0.401006711409396, 0.5228426395939086, 0.40604026845637586, 0.37225042301184436]]"
5af39152c11d4256a134aa678a9110a6,"[[3, 0.21766561514195584, 0.3855291576673866, 0.1829652996845426, 0.23974082073434125]]"
5b2e17ff49c24e4bb0ab85df76049f08,"[[5, 0.1725, 0.3392857142857143, 0.11, 0.16964285714285715]]"
5b93b084350047348e6b11293c0c8210,[]
5ba217ad4bc44e4bb965f8e9596a5c99,"[[2, 0.47391304347826085, 0.7142857142857143, 0.3521739130434783, 0.13839285714285715]]"
5baef90b49b34fdb98a5b63bf8d5b7b7,"[[4, 0.5975, 0.7622767857142857, 0.46, 0.171875]]"
5c2b87108e5745ee8e32e42473e5c7c3,"[[5, 0.7602941176470588, 0.5613839285714286, 0.3735294117647059, 0.10044642857142858]]"
5c2f52fab8814b568c324ad94d5e37b4,"[[0, 0.43666666666666665, 0.5055803571428571, 0.5266666666666666, 0.7924107142857143]]"
5c4d30aa0bbd4568bd814599757c8ca1,"[[5, 0.8088709677419355, 0.6729910714285714, 0.11774193548387096, 0.2611607142857143]]"
5c5daedb52f148e080c80f4bbab65dfa,"[[0, 0.5267241379310345, 0.5625, 0.31551724137931036, 0.125]]"
5c8597dbb56043fa9f90fb568d5f5a28,"[[2, 0.3215909090909091, 0.27901785714285715, 0.3795454545454545, 0.2767857142857143]]"
5cb8d112a099438a8b828bda43736d99,"[[4, 0.631896551724138, 0.6651785714285714, 0.35, 0.33035714285714285]]"
5ce816532bcf4485893932d762b4ecdf,"[[4, 0.5894230769230769, 0.8359375, 0.3942307692307692, 0.13169642857142858]]"
5d0c254318b640869535c1623da9b712,"[[0, 0.4806451612903226, 0.5959821428571429, 0.7387096774193549, 0.29464285714285715]]"
5d47a3f785264002ab06e33b9db7c51f,[]
5d55977095394da69577edad1f2eb357,"[[0, 0.1803030303030303, 0.5357142857142857, 0.25757575757575757, 0.3080357142857143]]"
5d57e47ed04d4bd59ecebae72d219700,"[[3, 0.4868421052631579, 0.7008928571428571, 0.531578947368421, 0.22321428571428573]]"
5e10641567434b188e2ddb2ffd3d20f0,"[[1, 0.4625, 0.7433035714285714, 0.4083333333333333, 0.16517857142857142]]"
5e28b4eecc764a0ca0e4f9a939360fef,[]
5e2d65db923b4964baaf82aedfc83994,"[[4, 0.7232142857142857, 0.47767857142857145, 0.5535714285714286, 0.39732142857142855]]"
5e3412d114aa4c2c805d6a320e71bb9f,"[[4, 0.32794117647058824, 0.46205357142857145, 0.45, 0.21428571428571427]]"
5f5f2694e9cd420b8fc583fb25274fed,"[[0, 0.3967391304347826, 0.5100446428571429, 0.7282608695652174, 0.3013392857142857]]"
5f6adc243f904930bf547c7c581ed9ce,"[[0, 0.6920454545454545, 0.4720982142857143, 0.44772727272727275, 0.6450892857142857]]"
5fc1038b9adf49ec9105a6b62310760f,"[[5, 0.5556451612903226, 0.5334821428571429, 0.5532258064516129, 0.08928571428571429]]"
607f9eeb02224c33a8fba008a2f6c298,"[[2, 0.6444444444444445, 0.5055803571428571, 0.43333333333333335, 0.14508928571428573]]"
60f85b5eaa4149f0a08c85ffa6e17f35,"[[4, 0.54375, 0.45089285714285715, 0.25625, 0.20089285714285715]]"
617dfb4d472347b8ae5abd57035a26bf,"[[2, 0.24230330672748004, 0.6396054628224582, 0.10376282782212087, 0.2321699544764795]]"
6180601e07944f848e800c015d3ac9c0,"[[0, 0.45666666666666667, 0.49330357142857145, 0.5233333333333333, 0.6785714285714286]]"
619d008cfbbb41609d036e6833b57eec,"[[1, 0.44583333333333336, 0.4732142857142857, 0.375, 0.22767857142857142]]"
61f0d7ba3e574b36b17af47aa26ea4ee,"[[3, 0.29436860068259385, 0.3937908496732026, 0.2440273037542662, 0.2647058823529412]]"
6222cafea02c4ec7aecef32ae22d6289,"[[0, 0.5, 0.25111607142857145, 1.0, 0.5022321428571429]]"
625b671fe0344ab29b3db9c6101e6cfc,"[[2, 0.390625, 0.5323660714285714, 0.5625, 0.234375]]"
6295027073af4049a4cb36b7462e13b1,"[[4, 0.7702380952380953, 0.46651785714285715, 0.25476190476190474, 0.25]]"
62c7f1c37c7a43bea33ec3581dcd1a6d,"[[0, 0.5369047619047619, 0.40736607142857145, 0.9071428571428571, 0.578125]]"
6331ea10437445eab7d28c6822e539a7,"[[2, 0.7988599348534202, 0.38489208633093525, 0.28827361563517917, 0.44244604316546765]]"
63343da4f3034835bab1216c98a2b2ca,"[[4, 0.21203703703703702, 0.5915178571428571, 0.20555555555555555, 0.3080357142857143]]"
635e8ec25d9945feaf36aca19e4eaf96,"[[1, 0.7788461538461539, 0.6138392857142857, 0.3730769230769231, 0.12946428571428573]]"
63c1063bd04b4d32ab30e5e32cec37b5,"[[5, 0.3729166666666667, 0.6986607142857143, 0.13333333333333333, 0.20089285714285715]]"
63c8c69de1ed4ea7901877122e64ae63,"[[0, 0.33055555555555555, 0.4575892857142857, 0.6611111111111111, 0.39285714285714285]]"
649d183e08864f548eca8ba81f512420,"[[4, 0.4305555555555556, 0.5524553571428571, 0.4888888888888889, 0.33705357142857145]]"
64b1122c24a34dbaa71f1e87a8f0f86b,"[[3, 0.4588235294117647, 0.7142857142857143, 0.7647058823529411, 0.36160714285714285]]"
651d049db9394fab8171f336c4d0d9d6,"[[1, 0.5063131313131313, 0.5864978902953587, 0.45707070707070707, 0.32489451476793246]]"
65592e5d3922404ca4c3f5d2000a05da,"[[0, 0.5625, 0.5234375, 0.6708333333333333, 0.46651785714285715]]"
6570ce34295b40cb9d43a9c467c05f43,"[[4, 0.5761363636363637, 0.5267857142857143, 0.23863636363636365, 0.17857142857142858]]"
65794e7e71ee40deb3fb172acb1c0500,"[[0, 0.6258333333333334, 0.48549107142857145, 0.6083333333333333, 0.890625]]"
657e7428c01f47eb91743c4b8cbfc28d,[]
66179394052d43d38c4a18d75979f6c1,"[[0, 0.332, 0.4877232142857143, 0.444, 0.5647321428571429]]"
663e96205c22465391395f83fdbb2534,"[[0, 0.11136363636363636, 0.47098214285714285, 0.22272727272727272, 0.23214285714285715]]"
6672b59cf3904740ad86e146f82b7235,"[[0, 0.555, 0.4810267857142857, 0.51, 0.5200892857142857]]"
669dcd6bc8584cfeb1cc859a8c2f4cc5,"[[0, 0.6854166666666667, 0.6607142857142857, 0.5708333333333333, 0.48214285714285715]]"
66b960932c4e4ff7b1621109c1fcd11e,"[[2, 0.2618421052631579, 0.6216517857142857, 0.2710526315789474, 0.171875]]"
66c8e2bdffc14d6bb8a575491a922482,"[[0, 0.30288461538461536, 0.3515625, 0.225, 0.4174107142857143]]"
6773c653c6ce45fdb7fafb0488ea0862,"[[4, 0.24027777777777778, 0.5256696428571429, 0.3527777777777778, 0.43080357142857145]]"
677712c24cdb4cfd811091ad17db9d8a,"[[1, 0.6034090909090909, 0.4330357142857143, 0.2340909090909091, 0.06696428571428571]]"
68859238690848cb9aadd4dbbb2cb01c,"[[1, 0.20727272727272728, 0.6094017094017095, 0.41454545454545455, 0.7504273504273504]]"
68ead4beddc34476bb15c257b030f907,"[[4, 0.5317567567567567, 0.5613839285714286, 0.15, 0.16741071428571427]]"
695889c54ee44b49b51323c3e7731215,"[[0, 0.49038461538461536, 0.5725446428571429, 0.8423076923076923, 0.46205357142857145]]"
69a7b913c0724bc5ac2144fc04fd5958,"[[2, 0.47205882352941175, 0.5502232142857143, 0.3264705882352941, 0.421875]]"
69b8672758a4431f8bbb870a67a3bc2a,"[[5, 0.4488095238095238, 0.6495535714285714, 0.39285714285714285, 0.13392857142857142]]"
69b8e75087fb499c8830b9472cfece5f,"[[0, 0.5285714285714286, 0.3236607142857143, 0.680952380952381, 0.3705357142857143]]"
6a526836f5d241b786d421b6f45a6367,"[[3, 0.6480769230769231, 0.28794642857142855, 0.46923076923076923, 0.29910714285714285]]"
6a5874acaad0470296d4d391925928d7,"[[2, 0.4185185185185185, 0.4982876712328767, 0.4185185185185185, 0.3801369863013699]]"
6acd379d0619422bbd8a4df13111bde1,"[[2, 0.15227817745803357, 0.6556420233463035, 0.2949640287769784, 0.2607003891050584]]"
6ae9f7bf3b3f4eeb93d8e92a8fe70d53,"[[2, 0.3896551724137931, 0.6685267857142857, 0.39655172413793105, 0.140625]]"
6afc0dc492a94f3daa27094418311864,"[[0, 0.35, 0.6015625, 0.5533333333333333, 0.40848214285714285]]"
6b1d8583f4cd4173959c367dbd39b956,"[[3, 0.6770833333333334, 0.5591517857142857, 0.4375, 0.5245535714285714]]"
6b9f8d6e709d4d51bc53ac15eb17d25a,"[[0, 0.5220588235294118, 0.265625, 0.5029411764705882, 0.45535714285714285]]"
6c190f5a948445a8898d408119891e8f,"[[0, 0.29375, 0.5825892857142857, 0.4708333333333333, 0.6205357142857143]]"
6c64b66b1bb745c9ad298d1871149860,"[[2, 0.515625, 0.3549107142857143, 0.35, 0.28125]]"
6ca298e8c4c34553bdae7f426327e233,[]
6caa3705a2d147de8552a4355e311d38,[]
6cad3e3a81d24afd91381e7971b17e42,"[[3, 0.6108333333333333, 0.47544642857142855, 0.415, 0.5133928571428571]]"
6ce9609837c14a7a89bec37714ff4f53,"[[0, 0.28229166666666666, 0.6863839285714286, 0.3229166666666667, 0.2924107142857143]]"
6d402598654b4da1933a5b15d9877479,"[[0, 0.575, 0.7879464285714286, 0.29545454545454547, 0.27232142857142855]]"
6ed73ab828c94320bb7de1bc61224413,"[[4, 0.3709677419354839, 0.28013392857142855, 0.24516129032258063, 0.20758928571428573]]"
6f28ed43298e4c2e901fb17893d8fd9c,"[[2, 0.22235576923076922, 0.5246478873239436, 0.19471153846153846, 0.24647887323943662]]"
6fb7168306ad4c76a40727951c305301,"[[2, 0.32806324110671936, 0.530241935483871, 0.25691699604743085, 0.32123655913978494]]"
6fea67533d91444ea97952e8aa1cddd8,"[[2, 0.42833333333333334, 0.49107142857142855, 0.8566666666666667, 0.5089285714285714]]"
6fed42d37e0643f29b47e91fb2408a3b,"[[0, 0.19919354838709677, 0.4921875, 0.3338709677419355, 0.6941964285714286]]"
70c5a19784ec414f83162769fc3db54f,"[[0, 0.2375, 0.6618303571428571, 0.19, 0.265625]]"
710175d2e5cf4e80814710d822e89b27,"[[3, 0.863061797752809, 0.6747663551401869, 0.15870786516853932, 0.30654205607476637]]"
710b6914d52d41abb000f6194a220ff0,"[[1, 0.6857749469214437, 0.7553699284009546, 0.30148619957537154, 0.28878281622911695]]"
71ec45ffb731491190815f3344f30467,"[[2, 0.1278501628664495, 0.45, 0.22312703583061888, 0.3]]"
720e162a1f6243d0b32518b902d08f9d,"[[2, 0.6547619047619048, 0.2890625, 0.3047619047619048, 0.09598214285714286]]"
7222bf8144dc4fed88d00e59155ddd5d,"[[4, 0.85, 0.6305803571428571, 0.18421052631578946, 0.36830357142857145]]"
72a95dec9ca44a08a2322c15c56122b1,"[[4, 0.27844827586206894, 0.3794642857142857, 0.41551724137931034, 0.23214285714285715]]"
730de10cfcd54f17a90e6d178abab658,"[[2, 0.4798076923076923, 0.5636160714285714, 0.3019230769230769, 0.34151785714285715]]"
736515744b2346ac8f5800ce332377f4,"[[3, 0.5239583333333333, 0.39285714285714285, 0.39791666666666664, 0.21428571428571427]]"
7381aa2aa962438683ccb73da237e75d,"[[0, 0.7191176470588235, 0.4810267857142857, 0.39705882352941174, 0.46651785714285715]]"
739f9d3fc5294b609b94997015a26af6,"[[5, 0.4146551724137931, 0.25111607142857145, 0.16379310344827586, 0.10044642857142858]]"
73caea51528142d0ba4df2b190463d4b,"[[4, 0.52625, 0.42410714285714285, 0.5825, 0.28125]]"
73fab2ab007c45fe80bd7403bf009b2e,"[[0, 0.64, 0.5223214285714286, 0.615, 0.4955357142857143]]"
740ca27c0ca447658fbed36b95204552,"[[0, 0.5066666666666667, 0.6685267857142857, 0.8, 0.5736607142857143]]"
742481e60ba0400ea038cda0b3c2c173,"[[2, 0.1829436038514443, 0.4826325411334552, 0.19807427785419532, 0.29250457038391225]]"
7471cc4dd5f24ea0bdb9a209b0ce8bc4,"[[4, 0.4009615384615385, 0.8225446428571429, 0.175, 0.17633928571428573]]"
7480600efc6641dcbcfc9384c79ff860,"[[4, 0.9, 0.5122767857142857, 0.16666666666666666, 0.19419642857142858]]"
74ece6a5a00c4eda9007bbe2b91aa39b,"[[2, 0.2155688622754491, 0.49375, 0.20658682634730538, 0.3725]]"
75057b938a184852a596556e6143aae3,"[[0, 0.20125, 0.5580357142857143, 0.4025, 0.5044642857142857]]"
750d9c6219ac4200bcc1a51842fdcde7,"[[3, 0.5366071428571428, 0.6462053571428571, 0.7125, 0.265625]]"
751a365d357e4481bef6663166cba5f5,"[[4, 0.6428571428571429, 0.34263392857142855, 0.21428571428571427, 0.21651785714285715]]"
752982c1af48418a8bead70f770365ed,"[[2, 0.4238095238095238, 0.4296875, 0.42857142857142855, 0.359375]]"
75348cd286144eb28845b0b560ed3db7,"[[3, 0.2758333333333333, 0.6997767857142857, 0.25833333333333336, 0.3950892857142857]]"
75ac4b785319484488c10815fb0d1097,"[[4, 0.6875, 0.7924107142857143, 0.275, 0.24107142857142858]]"
75b1dcca6b40478eb2af731cff0da728,"[[2, 0.43369829683698297, 0.5085959885386819, 0.3004866180048662, 0.15759312320916904]]"
75ed766e2ce7488ca363cf56f6704078,"[[3, 0.5173076923076924, 0.5892857142857143, 0.8192307692307692, 0.5089285714285714]]"
76d8d68d5e1f4eeb88bcf0e77b59a89e,"[[4, 0.46625, 0.46763392857142855, 0.5225, 0.265625]]"
76f869e72d01403e88119ccaf09f47f7,"[[4, 0.17884615384615385, 0.6540178571428571, 0.18461538461538463, 0.42410714285714285]]"
77264641e4ed48e7ba81e6eb3395fbc3,"[[5, 0.7857142857142857, 0.2689732142857143, 0.14642857142857144, 0.140625]]"
772bdcbce74a4bb1b69dd1d67ba0e9e3,"[[0, 0.48055555555555557, 0.6350446428571429, 0.9222222222222223, 0.31026785714285715]]"
7785a09ed2214386a5b1a064efd19eeb,"[[4, 0.4109375, 0.4732142857142857, 0.521875, 0.24107142857142858]]"
779c5ee8ef4a41e08d5d11abf9bef354,"[[1, 0.637, 0.6015625, 0.69, 0.265625]]"
77ad15108f614530b4a656460955b83c,"[[2, 0.3110687022900763, 0.8092948717948718, 0.05725190839694656, 0.1955128205128205]]"
785f06ee48744e1ea6fda2700fd6fca6,"[[0, 0.38083333333333336, 0.49776785714285715, 0.715, 0.6696428571428571]]"
78c6121de6f1480cb3d40b89966a37d0,"[[4, 0.48125, 0.4732142857142857, 0.4375, 0.20089285714285715]]"
791e0c1ea09f40c488cb3698123a96fe,"[[1, 0.4275, 0.359375, 0.31166666666666665, 0.10267857142857142]]"
7922612940574db4ac5e49bcfe8c8190,"[[4, 0.6323529411764706, 0.5524553571428571, 0.14705882352941177, 0.3013392857142857]]"
792d398b981147319c18fa6aef95a339,"[[2, 0.2914473684210526, 0.7790178571428571, 0.18289473684210528, 0.125]]"
795d78d9fd30414fa9c3dffd7035ecbd,"[[5, 0.5619047619047619, 0.4174107142857143, 0.22857142857142856, 0.08928571428571429]]"
7a05ed7fd5fd41b4aa8d99fffb2f81e1,"[[0, 0.5130434782608696, 0.7053571428571429, 0.5739130434782609, 0.5089285714285714]]"
7a1ec09ca4e84dabbb0774d484d095eb,"[[4, 0.5147058823529411, 0.6975446428571429, 0.37058823529411766, 0.33705357142857145]]"
7a56e0bc1e46408cb087ecb53bd4659b,"[[0, 0.5, 0.7254464285714286, 1.0, 0.5491071428571429]]"
7a93d77325c841f79d591f781f9e17e8,"[[1, 0.31029411764705883, 0.5736607142857143, 0.31470588235294117, 0.53125]]"
7ac86cc0ef574d16892f2e6e3fb52649,"[[1, 0.6648148148148149, 0.6116071428571429, 0.08518518518518518, 0.26339285714285715]]"
7ad6104eb76b4c549c1ed86f2749e49b,"[[0, 0.65, 0.5078125, 0.32727272727272727, 0.39955357142857145]]"
7aedf60693444becaffa3e00c0081ddf,"[[4, 0.5875, 0.5133928571428571, 0.5027777777777778, 0.5446428571428571]]"
7b0208f3436c49b5afe82ac94d01a724,"[[0, 0.1625, 0.5022321428571429, 0.26590909090909093, 0.7008928571428571]]"
7b1e170ceed047569b9a175172734ce9,"[[0, 0.4185185185185185, 0.5669642857142857, 0.837037037037037, 0.34375]]"
7bbcd52fe19e46f9945a7f3e680d61ce,"[[1, 0.20535714285714285, 0.38950892857142855, 0.21428571428571427, 0.5022321428571429]]"
7c9cf04e268147a0a02618d90707169a,"[[4, 0.53875, 0.5870535714285714, 0.5325, 0.5357142857142857]]"
7cafa59d283840e28079f00bb4a1838a,"[[4, 0.7975, 0.7511160714285714, 0.375, 0.22098214285714285]]"
7d0252ff8e1545ca8a51204c9e5a7309,"[[4, 0.309375, 0.5357142857142857, 0.34791666666666665, 0.30357142857142855]]"
7d4c25d6eb504cc4bab7a1fd03884878,"[[4, 0.3265625, 0.65625, 0.371875, 0.35714285714285715]]"
7d5e0a90909045839cb86ca116814374,[]
7d5ed273647d49f0ae32694fd4895a17,"[[2, 0.375, 0.39732142857142855, 0.5026315789473684, 0.2767857142857143]]"
7d96275c17e24ab1b0f391572d46cb8d,"[[2, 0.5083333333333333, 0.6941964285714286, 0.6666666666666666, 0.27232142857142855]]"
7ddc6c681be0499b8c97c08eae3a0a25,"[[3, 0.6264705882352941, 0.5892857142857143, 0.25882352941176473, 0.41964285714285715]]"
7ddf49497bde4bec9522d170fa9b70b2,"[[1, 0.45694444444444443, 0.34933035714285715, 0.6138888888888889, 0.2700892857142857]]"
7dfc77e79628457fa67d674159fa8e1a,"[[1, 0.5306603773584906, 0.3148614609571788, 0.2830188679245283, 0.30730478589420657]]"
7e044777fb50477faa242c0a197f77a6,"[[4, 0.6068181818181818, 0.5334821428571429, 0.37727272727272726, 0.38392857142857145]]"
7eb164bec8e04be0a5c4d6417c238991,"[[0, 0.306, 0.49107142857142855, 0.292, 0.5223214285714286]]"
7f085b7324594c9488e20efd0ca7e530,"[[2, 0.15092592592592594, 0.45089285714285715, 0.17962962962962964, 0.3392857142857143]]"
7f5dc069fec54275a50c74834b4d7eef,"[[4, 0.76875, 0.5770089285714286, 0.3416666666666667, 0.36830357142857145]]"
7f9061e47d244c75aeb0d7b462d7ba78,"[[4, 0.18660714285714286, 0.6261160714285714, 0.22678571428571428, 0.28348214285714285]]"
7ff8e257111e44a4a678aacf0e8c8fd2,"[[5, 0.43, 0.625, 0.225, 0.13392857142857142]]"
800e50a6d1684dc4bcbce58203545468,"[[3, 0.7904761904761904, 0.5658482142857143, 0.18571428571428572, 0.3861607142857143]]"
80853d9acef94c45b06e7ead72a89e8e,"[[4, 0.5586538461538462, 0.8247767857142857, 0.5826923076923077, 0.25669642857142855]]"
80b57b21169349d2a5c09a60ea84e2f9,"[[4, 0.6903846153846154, 0.7645089285714286, 0.47307692307692306, 0.140625]]"
80bbe00e9d4144b785d3cb7abc020885,"[[0, 0.5146551724137931, 0.6450892857142857, 0.5258620689655172, 0.45982142857142855]]"
80d2c35cae974a9cbfc7e91a5d33ff2e,"[[3, 0.5991071428571428, 0.7299107142857143, 0.4767857142857143, 0.12053571428571429]]"
815a5adb4d4044c1a6aa75c9a06e27d6,"[[2, 0.577, 0.6216517857142857, 0.206, 0.140625]]"
81cdb236a5ba4fa29f7aedbb140fa78c,"[[4, 0.11351351351351352, 0.4263392857142857, 0.13243243243243244, 0.5625]]"
8212dd6f5097494c859b0c768a1f8241,"[[4, 0.6270270270270271, 0.6160714285714286, 0.4702702702702703, 0.35267857142857145]]"
82301b155efe4fe29e2f39e105160a6b,"[[5, 0.5013888888888889, 0.3325892857142857, 0.6305555555555555, 0.22767857142857142]]"
8264c8aa6185414b8d51701eebd3aa96,"[[0, 0.5, 0.6261160714285714, 1.0, 0.47544642857142855]]"
829d6c6310dc423288699dee568393b5,"[[4, 0.4956896551724138, 0.765625, 0.24655172413793103, 0.14285714285714285]]"
829f9d72703b4eafa61e1fceb974257b,"[[4, 0.8166666666666667, 0.671875, 0.13333333333333333, 0.34375]]"
82ce4ee68fbb4333a33446de23931ab9,"[[3, 0.3576086956521739, 0.5982142857142857, 0.18478260869565216, 0.5089285714285714]]"
82d6db1ed5ac4922802a0c272f97961f,"[[4, 0.33125, 0.6908482142857143, 0.2775, 0.31473214285714285]]"
83296b14b9a64e97954e3b233976794c,"[[4, 0.415, 0.5680803571428571, 0.47, 0.31026785714285715]]"
834ec499af1c4738ae27f2b7efd506a6,"[[4, 0.28035714285714286, 0.6595982142857143, 0.2642857142857143, 0.21205357142857142]]"
836d08eb2fd943beb5e0547aa0dafe1f,"[[5, 0.3261904761904762, 0.6238839285714286, 0.37142857142857144, 0.14508928571428573]]"
83ec96d68acb4e1187f3f77c60c0de58,"[[3, 0.6125, 0.53125, 0.26944444444444443, 0.24553571428571427]]"
845f104d315048c7903b9e293ab4bfa4,"[[1, 0.54, 0.6584821428571429, 0.656, 0.27232142857142855]]"
84a87bab513a4262b1f46c793e1626ad,"[[1, 0.38895486935866985, 0.7642045454545454, 0.333729216152019, 0.24431818181818182]]"
852597145c384e2b97534e31885c8dbd,"[[4, 0.365, 0.46875, 0.375, 0.20982142857142858]]"
85fcf42a69634884a90237bda98ea6b8,"[[1, 0.5058823529411764, 0.5825892857142857, 0.38823529411764707, 0.17857142857142858]]"
86103162f96a48a1bfbcf507b77a5404,"[[0, 0.8075, 0.4810267857142857, 0.385, 0.28794642857142855]]"
866f42a604444fde9ea5576cf1844e1f,"[[1, 0.5992366412213741, 0.44549763033175355, 0.2862595419847328, 0.13270142180094788]]"
86ae66d2d8db4a25b0f8e1e3ea675eaa,"[[1, 0.61875, 0.43973214285714285, 0.3275, 0.33035714285714285]]"
86cd492263ca4037ae1d9fa798be1dbe,"[[4, 0.16517857142857142, 0.6272321428571429, 0.24821428571428572, 0.33035714285714285]]"
87700e7d2bbd479d9359db2116d84f34,"[[4, 0.4618421052631579, 0.6049107142857143, 0.4868421052631579, 0.32589285714285715]]"
878e82fa248f49a4a6634f1e6f3a1bf8,"[[0, 0.23225806451612904, 0.18638392857142858, 0.3387096774193548, 0.3013392857142857]]"
87c28361dc404bac9186e8925aa23c45,"[[5, 0.11363636363636363, 0.4732142857142857, 0.09696969696969697, 0.19196428571428573]]"
881dededc7a14d248006efdd39e5b589,"[[4, 0.8054347826086956, 0.6573660714285714, 0.17173913043478262, 0.38169642857142855]]"
8893b5a9b1bd49dfbedb108072893186,"[[0, 0.653448275862069, 0.7209821428571429, 0.5448275862068965, 0.47767857142857145]]"
88f92a0c52e04491a223c674e9d036a3,"[[2, 0.185, 0.39732142857142855, 0.255, 0.41964285714285715]]"
89bbb2c3f03646b192a2bf80c8a207d4,"[[3, 0.6096774193548387, 0.8069196428571429, 0.45806451612903226, 0.18973214285714285]]"
8a12bd9a2bc64cc2b0a6b87b12d79733,"[[4, 0.683695652173913, 0.6339285714285714, 0.4369565217391304, 0.36607142857142855]]"
8a3c3151d43243e9a2bbb90e8f938640,"[[0, 0.38421052631578945, 0.53125, 0.48947368421052634, 0.53125]]"
8a536e204c444cf3a86e22a5d97fc4ef,"[[0, 0.31551724137931036, 0.6428571428571429, 0.6310344827586207, 0.39732142857142855]]"
8ad3b632e180467fbfc13d608d83c269,"[[4, 0.18552631578947368, 0.6261160714285714, 0.2236842105263158, 0.30580357142857145]]"
8ae3b50976de42d68f2d6956c5197fb4,"[[3, 0.07672413793103448, 0.6930803571428571, 0.10862068965517241, 0.43973214285714285]]"
8ae593a8f518480dbd22008605c65e4d,"[[0, 0.6897727272727273, 0.44308035714285715, 0.09772727272727273, 0.265625]]"
8b3ec95262df4c47975f9465a8472d35,"[[2, 0.7513888888888889, 0.23102678571428573, 0.175, 0.13616071428571427]]"
8b6f723827da402fbd05d3743434646c,"[[0, 0.5921052631578947, 0.7209821428571429, 0.5, 0.15625]]"
8c18757348b6432f9eb33290dec77aee,"[[4, 0.47794117647058826, 0.46986607142857145, 0.45, 0.49776785714285715]]"
8c4272cca3c74d98b47965c82dffc5f2,"[[0, 0.6083333333333333, 0.5122767857142857, 0.3595238095238095, 0.44419642857142855]]"
8c580ff386304bc097d5d774f6ea6782,"[[0, 0.234375, 0.5234375, 0.40125, 0.8058035714285714]]"
8c99fbe04f7d43369f9c8d9c2def18d9,"[[0, 0.27, 0.39955357142857145, 0.4766666666666667, 0.5580357142857143]]"
8ca360fdce184f4880927f30f0dcc350,"[[1, 0.615506329113924, 0.42592592592592593, 0.6234177215189873, 0.46859903381642515]]"
8cb8c27766f449e9977fbeda5db672df,[]
8cd19a87e57e494dbd637af2f46f7f4a,[]
8d0b86e387da4a29843fcfdae39fa937,"[[5, 0.421551724137931, 0.890625, 0.12586206896551724, 0.10714285714285714]]"
8d312235efd7471ba44c28f1c0d6b90e,"[[0, 0.6096153846153847, 0.40736607142857145, 0.4807692307692308, 0.203125]]"
8de0b7e0125342ebab6b137e9d0bdd5a,"[[2, 0.14868421052631578, 0.6540178571428571, 0.13421052631578947, 0.4107142857142857]]"
8de502d3264f4344bb0cf6ca373dc486,"[[0, 0.7793103448275862, 0.38839285714285715, 0.3482758620689655, 0.42857142857142855]]"
8e15bcf03161447d84b93f86421da907,"[[0, 0.3333333333333333, 0.3046875, 0.525, 0.40401785714285715]]"
8e39a864152a460a9584526dfb9f0cb6,"[[0, 0.23666666666666666, 0.53125, 0.36666666666666664, 0.35714285714285715]]"
8e9ce7482f7f4e73ad3a7dc850514eae,"[[1, 0.6703125, 0.5770089285714286, 0.309375, 0.06919642857142858]]"
8ea6f2b5b5884c0fbe3c22d15c34417c,"[[4, 0.546875, 0.6618303571428571, 0.39375, 0.39955357142857145]]"
8ec2841370054cd6801c16a88a335a80,"[[3, 0.5381578947368421, 0.6662946428571429, 0.6921052631578948, 0.22991071428571427]]"
8f70d393209644c48c05a35c51805bb1,"[[0, 0.6040322580645161, 0.19308035714285715, 0.49838709677419357, 0.18973214285714285]]"
8f80d3c1e4694b0ab844cc8ebc12871a,"[[3, 0.4676165803108808, 0.8922764227642277, 0.9093264248704663, 0.13414634146341464]]"
8f9b8a2d391e4d3a9864f7be7384e265,"[[1, 0.42402826855123676, 0.40619765494137355, 0.1696113074204947, 0.15577889447236182]]"
9019bc0338a34963a9c0915a76a5bdae,"[[4, 0.33611111111111114, 0.7109375, 0.5166666666666667, 0.17633928571428573]]"
903e7cc1f4f04c88b22477fcc6ac5b93,"[[0, 0.3735294117647059, 0.6015625, 0.48823529411764705, 0.28348214285714285]]"
905ab6608f1c4ef28aad534dc74dd281,"[[0, 0.32410714285714287, 0.38839285714285715, 0.42678571428571427, 0.1875]]"
90996c1e69e44be8b00a90b7867419da,"[[0, 0.5447368421052632, 0.2924107142857143, 0.7421052631578947, 0.2544642857142857]]"
909b09eca46b4751a7f7f8db36fdbf62,"[[0, 0.4486842105263158, 0.5680803571428571, 0.42894736842105263, 0.22991071428571427]]"
90bec01f94dc4bda92b6aae7d9094981,"[[0, 0.16145833333333334, 0.5435267857142857, 0.3229166666666667, 0.43973214285714285]]"
90e5849a6153400fa4738bd038280d9d,"[[3, 0.6672268907563025, 0.3925925925925926, 0.507563025210084, 0.32592592592592595]]"
912537c2af394bbf9ae273ff1e2239c1,"[[0, 0.4314516129032258, 0.7566964285714286, 0.3758064516129032, 0.3794642857142857]]"
9145b8d8ff59413eab814bd40f2ac2ff,"[[1, 0.4387254901960784, 0.3031135531135531, 0.38235294117647056, 0.2619047619047619]]"
9179def4df25498cbfa9abe8a28c5b32,"[[0, 0.425, 0.31138392857142855, 0.754, 0.18973214285714285]]"
9215a5d88ccd4e19811b9e99990ecd05,"[[0, 0.2795275590551181, 0.4683257918552036, 0.31496062992125984, 0.33031674208144796]]"
9227a1526469434ba52eb4501e6e68c8,"[[2, 0.18088737201365188, 0.6978297161936561, 0.1751990898748578, 0.19365609348914858]]"
9245354b7acd46f0a8782279a9c7f099,"[[1, 0.7, 0.3203125, 0.5545454545454546, 0.234375]]"
9253e145336a4289beef7faa409323bd,"[[3, 0.5683918669131238, 0.3342342342342342, 0.4269870609981516, 0.0918918918918919]]"
9348808e622243309b9eff02fdc1a77e,"[[1, 0.5205882352941177, 0.6116071428571429, 0.38235294117647056, 0.38392857142857145]]"
94200db493a145c890e574c6dae4521e,"[[0, 0.36333333333333334, 0.6138392857142857, 0.38666666666666666, 0.48660714285714285]]"
94213449a59c4c6a9de5f0e73ad407c3,"[[3, 0.6183333333333333, 0.5669642857142857, 0.55, 0.48660714285714285]]"
945224b3a5204c26b422980535bd0c46,"[[0, 0.4659090909090909, 0.6930803571428571, 0.8909090909090909, 0.390625]]"
94dd80e721174807b29cc57dca0f5f16,"[[4, 0.3769230769230769, 0.5502232142857143, 0.46153846153846156, 0.296875]]"
951d3e9fddf649cda1b0b9cf5af86898,"[[0, 0.49642857142857144, 0.4609375, 0.8261904761904761, 0.41294642857142855]]"
958794855091444fbb73174dd496d7c9,"[[1, 0.5467557251908397, 0.5012987012987012, 0.7843511450381679, 0.2857142857142857]]"
962efb5c3c044030be5d95eda3d274ab,"[[1, 0.206, 0.5982142857142857, 0.224, 0.42410714285714285]]"
966143eab88a459c982c7402c0f10bbf,"[[0, 0.43645833333333334, 0.5212053571428571, 0.6520833333333333, 0.25223214285714285]]"
9680e82c07cc4263aa365ef705395146,"[[1, 0.39880952380952384, 0.6383928571428571, 0.19285714285714287, 0.14285714285714285]]"
97c469dc10ea48b7bc41f3a126ce9fdb,"[[4, 0.38088235294117645, 0.6395089285714286, 0.5205882352941177, 0.3549107142857143]]"
97d82fa64c5546a89ef7d79e3d28de35,"[[1, 0.45125, 0.5435267857142857, 0.2875, 0.3549107142857143]]"
981d10aad3a64abd99e6687565e65cbc,"[[0, 0.45227272727272727, 0.7354910714285714, 0.7772727272727272, 0.40401785714285715]]"
984effce6fe64362a89bed3006911833,"[[2, 0.485, 0.42745535714285715, 0.39666666666666667, 0.22098214285714285]]"
9859ec514a7e4e07ac0fe777040fa340,"[[4, 0.1763888888888889, 0.49888392857142855, 0.3527777777777778, 0.4888392857142857]]"
99186a1c972548b88ea2d4e15327e60b,"[[4, 0.6815217391304348, 0.5100446428571429, 0.5282608695652173, 0.7745535714285714]]"
9921099aa6a04b3daeb74e5e39530cbf,"[[4, 0.3175, 0.4732142857142857, 0.265, 0.3125]]"
993a5ffd8947437ba34f62d77b911952,"[[2, 0.5258007117437722, 0.6178010471204188, 0.23309608540925267, 0.2643979057591623]]"
99974c7b8ed94aa498dd4f8085c78e39,"[[1, 0.1997041420118343, 0.6388329979879276, 0.3994082840236686, 0.6780684104627767]]"
9a73cc000fb046e090e84442dd83f651,"[[0, 0.5684782608695652, 0.4810267857142857, 0.4369565217391304, 0.6272321428571429]]"
9aa2c82d33614d0988282ceb01148ed8,"[[0, 0.67, 0.4765625, 0.5266666666666666, 0.25223214285714285]]"
9abc9a2a16424d34a3b5917bf13e531c,"[[4, 0.2640625, 0.5703125, 0.140625, 0.31473214285714285]]"
9b1a5d41f8a349759b125772aa86350b,"[[0, 0.5222222222222223, 0.29575892857142855, 0.4861111111111111, 0.22544642857142858]]"
9b9c701ce70648079f07aecd9ef96f62,"[[2, 0.49583333333333335, 0.6216517857142857, 0.255, 0.3638392857142857]]"
9bc581427c09413e9370d3805a7b0199,"[[1, 0.4984848484848485, 0.5904017857142857, 0.18787878787878787, 0.18973214285714285]]"
9c3b5c3adc884b4ba618a884101d1cec,"[[1, 0.6605263157894737, 0.3861607142857143, 0.5, 0.07142857142857142]]"
9c92739263164ebda9ec8c83849d9b69,"[[0, 0.6916666666666667, 0.47433035714285715, 0.37222222222222223, 0.7433035714285714]]"
9ca8154fd4ab4c4195bb069ad0edba33,"[[4, 0.7293103448275862, 0.5033482142857143, 0.1310344827586207, 0.22098214285714285]]"
9d42890654104b8ea7a931b5d73e1347,"[[0, 0.25875, 0.5669642857142857, 0.4675, 0.7901785714285714]]"
9d5c56c9e9264036b04859c2398ad224,"[[4, 0.4875, 0.7243303571428571, 0.3431818181818182, 0.18526785714285715]]"
9dd6125958fd4106b22c4fc2c811cfbb,"[[3, 0.6541666666666667, 0.4963325183374083, 0.3333333333333333, 0.44987775061124696]]"
9ebd8120032a422fb946faeb0f8a94fb,"[[1, 0.15729166666666666, 0.5390625, 0.16875, 0.40401785714285715]]"
9f0745d0164f4eb28fddccaaa9b6abe2,"[[2, 0.3263157894736842, 0.6841517857142857, 0.5105263157894737, 0.10491071428571429]]"
a01099ae264a4189a4b92f32bc1a3e30,"[[4, 0.5631578947368421, 0.6194196428571429, 0.5, 0.27455357142857145]]"
a0affc5542a441328e6959bdc2032a27,"[[0, 0.6680555555555555, 0.5602678571428571, 0.4305555555555556, 0.08928571428571429]]"
a0b04f88f2234143b2f8c352fb4672a5,"[[3, 0.4709864603481625, 0.8379629629629629, 0.4081237911025145, 0.2638888888888889]]"
a190f7e7a03243428d3e715b52778215,"[[0, 0.23541666666666666, 0.39955357142857145, 0.3416666666666667, 0.5401785714285714]]"
a1a8fef510f34e29bb0d437ea7d5d3a5,"[[4, 0.7321428571428571, 0.5044642857142857, 0.37857142857142856, 0.38392857142857145]]"
a25bc8b4dabf4ad780d7b29b8f7ac40c,"[[3, 0.46162790697674416, 0.08693415637860083, 0.7930232558139535, 0.1368312757201646]]"
a2a5bcc411544204a8dca99456fb5322,"[[1, 0.5695652173913044, 0.5647321428571429, 0.717391304347826, 0.26785714285714285]]"
a2ba5242df0b43f9aa5b7429ec8af9eb,"[[1, 0.1875, 0.4408482142857143, 0.19833333333333333, 0.4888392857142857]]"
a361187021a64e50a23e7ccd69158a70,"[[4, 0.6802631578947368, 0.8080357142857143, 0.3447368421052632, 0.25892857142857145]]"
a3a0be4840634874b83253f6ab1a9167,"[[2, 0.3092105263157895, 0.38504464285714285, 0.37105263157894736, 0.47544642857142855]]"
a485fbb6d4bc4fd487ea2bb8e818616e,"[[3, 0.2640625, 0.5401785714285714, 0.221875, 0.22767857142857142]]"
a4d28ccb3f154ffe809ff0ef8cb0236f,"[[4, 0.39444444444444443, 0.6696428571428571, 0.16111111111111112, 0.15625]]"
a5659ffca0664e7f9a97afe59cd5f67e,"[[0, 0.45595238095238094, 0.37611607142857145, 0.5595238095238095, 0.43973214285714285]]"
a635e897e7a6447783dc3967eb844baf,"[[4, 0.36, 0.6305803571428571, 0.4533333333333333, 0.20758928571428573]]"
a697ec19185840ec8b0ab9df659c5200,"[[0, 0.7806451612903226, 0.36607142857142855, 0.3387096774193548, 0.59375]]"
a6d8e377a3564eeba9241210bd360033,"[[0, 0.5943181818181819, 0.5725446428571429, 0.7159090909090909, 0.5200892857142857]]"
a6db6afd4ca34d4b9f6c79a0b0176d99,"[[5, 0.6666666666666666, 0.49107142857142855, 0.35555555555555557, 0.11607142857142858]]"
a7157dc1c90c4a6aa65f95ce6274093f,"[[0, 0.8016666666666666, 0.7165178571428571, 0.27666666666666667, 0.26339285714285715]]"
a7b0045760ee467e96d04dee80fd7e8c,"[[0, 0.698, 0.4609375, 0.604, 0.18080357142857142]]"
a8230b90f29d4c0fa3b1ea758b54057a,"[[1, 0.34130434782608693, 0.7064732142857143, 0.3695652173913043, 0.30580357142857145]]"
a887394e6d6f4240a57a44d4ea7365a7,"[[4, 0.5583333333333333, 0.4654017857142857, 0.6916666666666667, 0.484375]]"
a8ce35b2eccb43a78560bc85d76f134e,"[[3, 0.42954545454545456, 0.7833333333333333, 0.41818181818181815, 0.3125]]"
a922f099732c4c858a71d33b6c3d1e8a,"[[2, 0.6, 0.5669642857142857, 0.5, 0.34375]]"
a970c25f66ad491f958495f89229df73,"[[4, 0.6931818181818182, 0.44754464285714285, 0.25, 0.22544642857142858]]"
a9aa6e2746004736bb815798a3167aad,"[[4, 0.4142857142857143, 0.5245535714285714, 0.1523809523809524, 0.18303571428571427]]"
aa07125314934fd390de063b5eb5588d,"[[0, 0.38625, 0.41629464285714285, 0.4725, 0.5245535714285714]]"
aa7fe46f35624de89d7efee0b48783d4,"[[4, 0.6131578947368421, 0.48325892857142855, 0.24736842105263157, 0.24776785714285715]]"
aab58e435e474d86b46c079ed15c3821,"[[1, 0.6035714285714285, 0.33370535714285715, 0.17857142857142858, 0.359375]]"
aaf8dd85e3be459fb8e11ac735573522,"[[0, 0.6403846153846153, 0.3716517857142857, 0.5346153846153846, 0.4486607142857143]]"
ab21fce6b38640faa8ea642537093a8d,"[[0, 0.4443548387096774, 0.32142857142857145, 0.3241935483870968, 0.34375]]"
ab5d6e6644ea4589812d4c60d71af968,"[[4, 0.42, 0.7600446428571429, 0.435, 0.22544642857142858]]"
ab86459e21cb4c22ba4a9f5c91ceab20,"[[1, 0.49264705882352944, 0.46763392857142855, 0.1676470588235294, 0.3236607142857143]]"
ab9dc0082be040948d0fb285cd27640d,"[[0, 0.5986842105263158, 0.5011160714285714, 0.24473684210526317, 0.25223214285714285]]"
ac70a1c066454f5a9d21819454afb833,"[[0, 0.51375, 0.46651785714285715, 0.9175, 0.5133928571428571]]"
acaf35d3855946508f0ffdc44813b827,"[[0, 0.60625, 0.39285714285714285, 0.4517857142857143, 0.7053571428571429]]"
ad054856ccad4559b75bcfca64159eb0,"[[2, 0.15227817745803357, 0.6556420233463035, 0.2949640287769784, 0.2607003891050584]]"
ad0c34c15e9449ceae8c976be3b6569d,"[[0, 0.35113636363636364, 0.546875, 0.5840909090909091, 0.3125]]"
ad3c2a3471c24672b676b1c32d889aba,"[[4, 0.584375, 0.6796875, 0.4895833333333333, 0.234375]]"
aeb84d24765c4b93b63e4063395180e5,"[[2, 0.7556221889055472, 0.484819734345351, 0.15892053973013492, 0.45351043643263755]]"
aed3bd481bce4f95b3742bdfc48d51d1,"[[4, 0.4009615384615385, 0.8225446428571429, 0.175, 0.17633928571428573]]"
af3cd4ff33fb4151a5dd19a6c97ec5d3,"[[4, 0.4269230769230769, 0.42075892857142855, 0.358974358974359, 0.22544642857142858]]"
b06bc70bd6b6467695b362e6998fb498,"[[3, 0.5743006993006993, 0.763482280431433, 0.715034965034965, 0.42989214175654855]]"
b0e156bfe4d64d659ec5a64f70574469,"[[0, 0.5869565217391305, 0.47098214285714285, 0.3217391304347826, 0.3169642857142857]]"
b2063d0cba1742848541dfb485fde469,"[[0, 0.58046875, 0.6741071428571429, 0.2640625, 0.26785714285714285]]"
b20c6b16d63d49f3bac501d17346fe19,"[[5, 0.44027777777777777, 0.7098214285714286, 0.46944444444444444, 0.044642857142857144]]"
b21d04c1da904ced9f68e5bde03347e2,"[[4, 0.344, 0.5814732142857143, 0.236, 0.18526785714285715]]"
b2220f6d847b4a838a67aac6c846011d,"[[5, 0.2726190476190476, 0.3404017857142857, 0.1880952380952381, 0.140625]]"
b27232ab13e8450c80951124c9b22d2e,"[[1, 0.38333333333333336, 0.7075892857142857, 0.40555555555555556, 0.125]]"
b2788b29f22e49cbb96dae573f39d001,"[[2, 0.3490909090909091, 0.37433510638297873, 0.2084848484848485, 0.28058510638297873]]"
b28a490ebfa548aa97852c5a461179ef,"[[4, 0.585, 0.484375, 0.62, 0.28125]]"
b29f2fca75494e719dac7b0b1854676f,"[[4, 0.4634615384615385, 0.3950892857142857, 0.5192307692307693, 0.4330357142857143]]"
b31e6e0820634365b652119bbcf2a3a4,"[[1, 0.23323170731707318, 0.7066326530612245, 0.17073170731707318, 0.23299319727891157]]"
b32b051fc5d54cacbf5f5cd338eb966d,"[[0, 0.42236842105263156, 0.19754464285714285, 0.3157894736842105, 0.24330357142857142]]"
b34710b2676248bdbd4e69e681c3b645,"[[0, 0.4325, 0.6707589285714286, 0.615, 0.40848214285714285]]"
b3d1f5738f284c18b31e7305cc02106e,"[[4, 0.33425925925925926, 0.5837053571428571, 0.1574074074074074, 0.19866071428571427]]"
b40294d7ec4d4a5ca74af3bb3427ed38,"[[3, 0.7823899371069183, 0.6724436741767764, 0.2943396226415094, 0.4852686308492201]]"
b451238ba0714f8a812a7a8b56b79a17,"[[1, 0.12787878787878787, 0.5316239316239316, 0.25575757575757574, 0.905982905982906]]"
b4dead040aee4515b5c71f25a8c23757,"[[1, 0.26666666666666666, 0.53125, 0.24285714285714285, 0.3125]]"
b525ad7ca98e477d8ed95082dc669c68,"[[1, 0.28230500582072177, 0.40384615384615385, 0.4528521536670547, 0.3111888111888112]]"
b56fe5bd77fe4974a4e1d19a9d20743b,"[[4, 0.6620689655172414, 0.5558035714285714, 0.21724137931034482, 0.22321428571428573]]"
b5c821b2044b4272b6173db03338bd49,"[[3, 0.614, 0.46573604060913704, 0.452, 0.5152284263959391]]"
b5cdf8b3d1664cbb9c0f573934ffc941,"[[0, 0.54, 0.43526785714285715, 0.37, 0.26339285714285715]]"
b5f3c2de62334bdcbeb6a93050cfa560,"[[0, 0.44375, 0.6450892857142857, 0.3625, 0.375]]"
b6093c85afb44e24afb08082f80a9089,"[[4, 0.5421052631578948, 0.4888392857142857, 0.26842105263157895, 0.45089285714285715]]"
b625178cc69749f9a89e54bee4c4b125,"[[5, 0.34655172413793106, 0.5691964285714286, 0.20344827586206896, 0.05803571428571429]]"
b632ee62a1644af18e3d4fa38ea8bc2d,"[[1, 0.5352250489236791, 0.5030181086519114, 0.6634050880626223, 0.3822937625754527]]"
b63410728cd749e2b5f9f567aa92bde8,"[[0, 0.5830357142857143, 0.8191964285714286, 0.2982142857142857, 0.125]]"
b64ec828490a43c394fffdb7e6ac8f70,"[[0, 0.3411290322580645, 0.21205357142857142, 0.5790322580645161, 0.3169642857142857]]"
b6ffae7e2a3743388051f4aab50b5533,"[[0, 0.3625, 0.49330357142857145, 0.5428571428571428, 0.4330357142857143]]"
b70cec2c355846e8b7bf020e71e2eb4b,"[[1, 0.3881578947368421, 0.46651785714285715, 0.25526315789473686, 0.07142857142857142]]"
b751b298227f44f3951cf3b81e2f9da7,[]
b7a7ad6357004bd6907076c53bb5dbf6,[]
b7ad7a898bf643a9befa77d3f5ac7507,"[[5, 0.525, 0.6015625, 0.14285714285714285, 0.27901785714285715]]"
b808e8c5f3854b98b67c21b204c10da8,"[[3, 0.3196969696969697, 0.40848214285714285, 0.3212121212121212, 0.3392857142857143]]"
b83608b0a53446b8b013fba68adecf00,"[[4, 0.8416666666666667, 0.7299107142857143, 0.31666666666666665, 0.16517857142857142]]"
b8e235c0d25643ef80284bd95de48d6b,"[[1, 0.22037037037037038, 0.5379464285714286, 0.3851851851851852, 0.3705357142857143]]"
b8ed4f686c8d4a5585e1d7d4ff6e7083,"[[3, 0.07749077490774908, 0.41487068965517243, 0.15006150061500614, 0.5969827586206896]]"
b92241c44ea04f44b709ab45e33d1f75,"[[3, 0.4095238095238095, 0.4575892857142857, 0.4857142857142857, 0.36607142857142855]]"
b92c716dd0614cbf86cc9280913fa4d5,"[[4, 0.2394736842105263, 0.7834821428571429, 0.3631578947368421, 0.17857142857142858]]"
b943f8efa6a348eb935145b84994c174,"[[1, 0.5115740740740741, 0.5997782705099778, 0.6620370370370371, 0.5033259423503326]]"
b98b234f47344c5ea96babeba0bca651,"[[2, 0.2224334600760456, 0.2329059829059829, 0.1229404309252218, 0.10256410256410256]]"
b9e0b3093e27443eb2943a4fc970a882,"[[2, 0.39305555555555555, 0.546875, 0.5083333333333333, 0.29017857142857145]]"
b9f2c9af9f2b42788a8628f62943c7de,"[[4, 0.8448275862068966, 0.4799107142857143, 0.22758620689655173, 0.6205357142857143]]"
baa3be20b6f84d76b3d41a68147bc1f5,"[[0, 0.6447916666666667, 0.38950892857142855, 0.55625, 0.6897321428571429]]"
bafc45ddc031421ea88d9d861a87476c,"[[1, 0.45125, 0.5435267857142857, 0.2875, 0.3549107142857143]]"
bb22ad2d1c3249e38cb7d87944a5c240,"[[2, 0.5819444444444445, 0.5290178571428571, 0.49722222222222223, 0.1875]]"
bb93c46439344ca787e6b7ef3d366f98,[]
bbb725982b4a40849ef6280f85ab9f5a,"[[0, 0.6741935483870968, 0.32142857142857145, 0.22903225806451613, 0.375]]"
bbe40d6ef6df4c889be8f47f1d139e1d,"[[3, 0.4776315789473684, 0.7611607142857143, 0.8447368421052631, 0.3705357142857143]]"
bc6735d13662430a929778345fde35dc,"[[5, 0.7547619047619047, 0.9308035714285714, 0.19523809523809524, 0.09375]]"
bc8a86182f6a4c1b956b663da6595126,"[[4, 0.821590909090909, 0.5803571428571429, 0.1159090909090909, 0.36160714285714285]]"
bd47c2b4119b432e80310bfdad0b7f1b,"[[1, 0.4857142857142857, 0.5256696428571429, 0.5095238095238095, 0.44419642857142855]]"
bd6dc6e22ea447cd846d260df546892f,"[[0, 0.6409090909090909, 0.22991071428571427, 0.4636363636363636, 0.3705357142857143]]"
bd81db67cfcc423cb5bad82df5b3f9ef,"[[4, 0.22580645161290322, 0.6473214285714286, 0.17419354838709677, 0.19196428571428573]]"
bdc86fce2c5146fcbb725a985e0dac87,"[[0, 0.6434782608695652, 0.5859375, 0.5782608695652174, 0.37276785714285715]]"
be0c59b7357d4634b1a8deafba88cc9a,[]
be626d8622a04fa394dcf4afdcd0e8c1,"[[0, 0.5138888888888888, 0.6595982142857143, 0.7833333333333333, 0.37276785714285715]]"
be6b407ceba641b38f0bf7bbdd2c2364,"[[3, 0.6416666666666667, 0.5848214285714286, 0.4888888888888889, 0.13839285714285715]]"
bf4d0f227a92437b9cfb5afd6dadc22d,"[[3, 0.10721153846153846, 0.4575892857142857, 0.16634615384615384, 0.625]]"
bf579ea80c004e6c8b1546ae9f0d9388,"[[3, 0.29235537190082644, 0.48133333333333334, 0.5847107438016529, 0.936]]"
bf6564a114404a05bee11f6f12327b9c,"[[0, 0.534375, 0.5658482142857143, 0.88125, 0.6540178571428571]]"
bff829f9a8ac4043a67deb85491105ce,"[[2, 0.7600472813238771, 0.6130221130221131, 0.19621749408983452, 0.4103194103194103]]"
bffe876c70f84ae3a840dbbe080a70fa,"[[0, 0.5326923076923077, 0.5995192307692307, 0.4807692307692308, 0.5067307692307692]]"
c03c3f2d8a9f43f8974f8ae238c99b05,"[[4, 0.45546875, 0.5658482142857143, 0.3984375, 0.31473214285714285]]"
c074417e20a94ebebea59e3500342afa,"[[2, 0.2, 0.3236607142857143, 0.22727272727272727, 0.34375]]"
c091b20d4b1647078af1cd28fddcc4a9,"[[0, 0.24558823529411763, 0.3359375, 0.3558823529411765, 0.35044642857142855]]"
c0d205d239c646c38ffedc08b93bd0ed,"[[3, 0.498371335504886, 0.6439393939393939, 0.8794788273615635, 0.6515151515151515]]"
c107570c69f24e56b720b5cd9998cd16,"[[4, 0.46911764705882353, 0.59375, 0.38529411764705884, 0.5044642857142857]]"
c11b16b991c5409c82e4662d01cd5c19,"[[1, 0.29668411867364747, 0.5107260726072608, 0.4467713787085515, 0.17986798679867988]]"
c15194209bc5461eb5283402bbd9fbc4,"[[0, 0.10540540540540541, 0.4921875, 0.1891891891891892, 0.6897321428571429]]"
c1eaa2ad11b548cdb828271a3d1c19c2,"[[4, 0.19895833333333332, 0.45200892857142855, 0.29375, 0.40401785714285715]]"
c2599227370d41f9826cfd75e2227623,"[[0, 0.593421052631579, 0.4810267857142857, 0.7131578947368421, 0.38169642857142855]]"
c290fd73768a4748b8586b6eab98a2ca,"[[0, 0.6072580645161291, 0.5602678571428571, 0.45645161290322583, 0.7678571428571429]]"
c2f08092a88043ac9fc9f41f6ccf6075,"[[4, 0.515625, 0.5100446428571429, 0.61875, 0.22098214285714285]]"
c2f6455567344b49a23dfd7f71ab0ff2,"[[2, 0.8478527607361963, 0.5276073619631901, 0.0736196319018405, 0.19325153374233128]]"
c3177c7ac94e4284b27010c5f03df8f3,"[[1, 0.43375, 0.46986607142857145, 0.5825, 0.3325892857142857]]"
c38edab4cde74d12a4b16bbb910c9d97,"[[4, 0.375, 0.7209821428571429, 0.5852941176470589, 0.3169642857142857]]"
c3a974b61ee24b80adc50f71ef7aa83a,"[[4, 0.5722222222222222, 0.6808035714285714, 0.5277777777777778, 0.25892857142857145]]"
c433623a601447a4a9e4ee136c43af83,"[[3, 0.5183333333333333, 0.546875, 0.7166666666666667, 0.5669642857142857]]"
c4ff0c069842431386a0cbdea6a6e414,"[[4, 0.6208333333333333, 0.18638392857142858, 0.195, 0.19866071428571427]]"
c54d7fdfd13e482bb26493f1e1a4cd5e,"[[0, 0.18095238095238095, 0.36607142857142855, 0.20476190476190476, 0.48660714285714285]]"
c5821184b6bb48218f0da640fc7fb89b,"[[0, 0.4026315789473684, 0.5122767857142857, 0.5, 0.22544642857142858]]"
c694a66e82574b80bcff34b4aa9c1871,"[[4, 0.6513157894736842, 0.43191964285714285, 0.15, 0.31026785714285715]]"
c696d27e5d264fb7addd146c7c839055,"[[4, 0.7773809523809524, 0.703125, 0.15476190476190477, 0.32142857142857145]]"
c6ef6d4619c441c9ab2fbb8063bc0040,"[[5, 0.3175, 0.9207589285714286, 0.30833333333333335, 0.05133928571428571]]"
c74a4fc6d9dc44c59abacdd155ed6896,"[[4, 0.4077586206896552, 0.5089285714285714, 0.11206896551724138, 0.12053571428571429]]"
c74dfa11f0cf4619bcccb49ba0013aea,"[[4, 0.35694444444444445, 0.5212053571428571, 0.5638888888888889, 0.453125]]"
c7769ae5e77a421fa85b3d6cb7c5676e,"[[3, 0.31136363636363634, 0.5747767857142857, 0.2909090909090909, 0.4799107142857143]]"
c7c2cd50fc8949dd8f1922b3d3b5598b,"[[4, 0.7768518518518519, 0.7756696428571429, 0.25, 0.22098214285714285]]"
c7e0d9d2744c44509cbf5000d79ee0c4,"[[4, 0.61875, 0.6116071428571429, 0.42916666666666664, 0.1875]]"
c8d9ee3eaae5466fac47decb4f732903,"[[0, 0.3990740740740741, 0.8493303571428571, 0.2351851851851852, 0.2611607142857143]]"
c91f03f21db74119a59b8aba4a565302,"[[1, 0.5971774193548387, 0.5491071428571429, 0.10887096774193548, 0.5848214285714286]]"
c9649be97dd74dbb94a8c64c154c10a7,"[[1, 0.8203125, 0.6004464285714286, 0.171875, 0.29910714285714285]]"
c9852b04cf6f41e2914fe2831d092c64,"[[1, 0.36237785016286644, 0.41430948419301167, 0.28175895765472314, 0.3860232945091514]]"
ca231dd6ee35469ca5af98e35ec273e9,"[[3, 0.2641277641277641, 0.6730462519936204, 0.2334152334152334, 0.29984051036682613]]"
ca6d8c19e2cb4b5bbc6fb6fc509497c1,"[[2, 0.8206521739130435, 0.5066964285714286, 0.1934782608695652, 0.5]]"
cac88053df364ad681cefe83b9d98653,"[[4, 0.15357142857142858, 0.4921875, 0.175, 0.28348214285714285]]"
caeebd8b9dc44ef09b629bc4547f3617,[]
cb7a29915ad44ca3a869d54c73c94380,"[[2, 0.29389312977099236, 0.4090056285178236, 0.4351145038167939, 0.35647279549718575]]"
cb8b0cb3ed6448b28847bd4d0b30688e,"[[4, 0.3859375, 0.5111607142857143, 0.240625, 0.25892857142857145]]"
cbae518d5d164bafbd6a37a74b067f0d,"[[0, 0.2857142857142857, 0.390625, 0.48095238095238096, 0.25892857142857145]]"
cbc3c960906948299e6db73fd6ee4be9,"[[4, 0.2702380952380952, 0.5245535714285714, 0.23095238095238096, 0.20982142857142858]]"
cbce87b709024a25901bfe85373f5c7f,[]
cbe4cd6cf16d46ee8a9360578239a709,"[[0, 0.55625, 0.6752232142857143, 0.7325, 0.359375]]"
cbf45f3d1f434c06ab1baacf5012d658,"[[4, 0.2784090909090909, 0.6127232142857143, 0.2159090909090909, 0.37723214285714285]]"
cc26a18869954b95837b11b77ec8f5a3,"[[3, 0.5410714285714285, 0.5044642857142857, 0.19642857142857142, 0.3482142857142857]]"
cc40092ef43f4ee991b13f1aa250bffd,"[[0, 0.5548076923076923, 0.46316964285714285, 0.45576923076923076, 0.5736607142857143]]"
cc49339d0ff04bdb848cd0e041f80a50,"[[3, 0.4166666666666667, 0.6261160714285714, 0.5444444444444444, 0.24330357142857142]]"
cd4743b8147645a596296b6cee8e66f5,"[[4, 0.4441176470588235, 0.625, 0.5764705882352941, 0.15178571428571427]]"
cd56b0bd0d8c4489aa28569d3faefc39,"[[4, 0.14732142857142858, 0.6015625, 0.16607142857142856, 0.4888392857142857]]"
cd75478ad0b246ebb75d57b6579e6fb3,[]
cd7dba7bd1024d7f84a1cb832a1fd06f,"[[4, 0.8508333333333333, 0.26785714285714285, 0.14166666666666666, 0.28125]]"
cea138b2460145db88bceacff1dcef84,"[[1, 0.5015384615384615, 0.201, 0.4584615384615385, 0.318]]"
cf74baae9a6d4b49bf97fce13275b2a0,"[[1, 0.71484375, 0.4984375, 0.046875, 0.378125]]"
d0932b35125b4ce2aa5b7d46b5d9158b,"[[0, 0.603125, 0.5457589285714286, 0.6375, 0.5379464285714286]]"
d09cd471c573440f97a7f0026d55dc7e,"[[1, 0.6806039488966318, 0.48743718592964824, 0.1835075493612079, 0.09045226130653267]]"
d1087f3e2146459685c9d9218d239d67,"[[4, 0.29270833333333335, 0.9252232142857143, 0.28541666666666665, 0.109375]]"
d19cb628502f410294cf49832e986b08,"[[4, 0.715, 0.45424107142857145, 0.2833333333333333, 0.28348214285714285]]"
d2522077e8f54798994bf324454608b9,"[[4, 0.44907407407407407, 0.6662946428571429, 0.3277777777777778, 0.140625]]"
d25467b36fce48b1b5369af7d301c8c6,"[[5, 0.28984375, 0.3091517857142857, 0.2328125, 0.09151785714285714]]"
d2704a8777e9442fa8873b7a4bea75e9,"[[0, 0.375, 0.5011160714285714, 0.75, 0.5379464285714286]]"
d27430f828364df6aff9658bf2b39721,"[[4, 0.7078947368421052, 0.8526785714285714, 0.23684210526315788, 0.20982142857142858]]"
d2d1c5ff05c44bca996a858accb2b793,"[[0, 0.7693548387096775, 0.48660714285714285, 0.3870967741935484, 0.5714285714285714]]"
d32a008b0062420dbb51e9b9a1d7ea55,"[[0, 0.5235294117647059, 0.4921875, 0.7764705882352941, 0.6316964285714286]]"
d3c6c8970f10457d831af924044b536c,"[[1, 0.46615905245346867, 0.6254681647940075, 0.7428087986463621, 0.5655430711610487]]"
d4089171b9b64f49b7eb4ef0d3e5d0d5,"[[0, 0.3951388888888889, 0.5167410714285714, 0.23472222222222222, 0.13169642857142858]]"
d41766c0e29e44989fc775bdb703c4c5,"[[0, 0.243, 0.6462053571428571, 0.346, 0.46205357142857145]]"
d46004f74e4646b6b9fc993b10e7c28a,"[[1, 0.5536764705882353, 0.611214953271028, 0.7544117647058823, 0.26542056074766357]]"
d4668c3915644ca68c21acd60a9f9f85,"[[2, 0.6419589675711449, 0.741764705882353, 0.2686962276637988, 0.17529411764705882]]"
d4991d57e7d8449187c187dc6a0ef9c9,"[[1, 0.18430439952437574, 0.8712255772646537, 0.31153388822829964, 0.21492007104795738]]"
d586fc39e42049d68769bb1e8510fc59,"[[0, 0.6916666666666667, 0.5524553571428571, 0.25, 0.2924107142857143]]"
d6470a665cd34ebd8518940c01e360c2,"[[2, 0.19681456200227532, 0.6844741235392321, 0.1342434584755404, 0.15692821368948248]]"
d64f6968582a4badb50be0236fa8e3d5,"[[1, 0.2791666666666667, 0.6462053571428571, 0.4361111111111111, 0.27455357142857145]]"
d69812c1ea2e4f2c81f756ea0ed8f9b9,"[[0, 0.35517241379310344, 0.38504464285714285, 0.36551724137931035, 0.5379464285714286]]"
d7199a34f62047f78a120bf23af8c76e,"[[2, 0.20870206489675516, 0.6028880866425993, 0.22566371681415928, 0.296028880866426]]"
d71ad50774d64433be94af60f49f1509,"[[3, 0.2340637450199203, 0.782345013477089, 0.23306772908366533, 0.15768194070080863]]"
d73e47d16272492eb328970bdd2580dd,"[[2, 0.6234375, 0.49888392857142855, 0.215625, 0.15848214285714285]]"
d74bd2da4f2045549b94d0f69edd1bbf,"[[3, 0.4738095238095238, 0.8638392857142857, 0.6952380952380952, 0.17857142857142858]]"
d7a318e5b7744dcaba4a7ee5752fd0da,"[[0, 0.35714285714285715, 0.47544642857142855, 0.5428571428571428, 0.65625]]"
d7e1325615fe48ecbf853aef7ba09f21,"[[1, 0.33353884093711467, 0.4951388888888889, 0.6621454993834772, 0.5458333333333333]]"
d7ed571e3d7b4774bf429a6bb8dbe582,"[[3, 0.5222222222222223, 0.7053571428571429, 0.42962962962962964, 0.16071428571428573]]"
d809c530c3c3465289e316e903f55119,"[[0, 0.5458333333333333, 0.5814732142857143, 0.345, 0.2611607142857143]]"
d86d96e616ad46e8bf6095ac3b7e9b17,"[[4, 0.27717391304347827, 0.6339285714285714, 0.28043478260869564, 0.24553571428571427]]"
d878ca9ce06344e1b0b6bba60a53141f,[]
d8c4d1f29ba54f89a206e3f87245d6b8,"[[2, 0.5136363636363637, 0.4765625, 0.6681818181818182, 0.27901785714285715]]"
d917e77868c14704abef22b884fb1467,"[[0, 0.5552631578947368, 0.4497767857142857, 0.2736842105263158, 0.38169642857142855]]"
d92db6f001df43b08f1ba3f8f2471366,"[[0, 0.5766666666666667, 0.4029017857142857, 0.30666666666666664, 0.5647321428571429]]"
d9328e4f8b484b8dbcf7b967e267f4b7,"[[1, 0.5110677083333334, 0.3249001331557923, 0.0859375, 0.3595206391478029]]"
d9587036981a40d58891775c3d793b62,"[[0, 0.3921875, 0.6116071428571429, 0.453125, 0.26785714285714285]]"
d98fae3517dd4877a1974dbdcbfd669a,"[[3, 0.5447916666666667, 0.7678571428571429, 0.4895833333333333, 0.11607142857142858]]"
d9987708d0cd4b87895141c04e70f2e3,"[[1, 0.5838235294117647, 0.4966517857142857, 0.4970588235294118, 0.18526785714285715]]"
da1923ec6a4246baa81463b254c6d2a5,"[[3, 0.3402173913043478, 0.59375, 0.4152173913043478, 0.15178571428571427]]"
da7f87a0a53c448d9d74ac9bf6b010a5,"[[0, 0.32125, 0.6283482142857143, 0.4475, 0.22544642857142858]]"
dacdd9c947b5470abca4b502c9b8dd06,"[[5, 0.6013157894736842, 0.3404017857142857, 0.35, 0.18973214285714285]]"
daecbaf4b93540a29e8490e968d6bb8a,"[[0, 0.6916666666666667, 0.4877232142857143, 0.44583333333333336, 0.3549107142857143]]"
db27321e4626467e8e83dbab89b8ea54,"[[4, 0.834375, 0.6450892857142857, 0.30625, 0.5089285714285714]]"
dbb8df2858194c62a8c68305eeaee9f3,"[[0, 0.8574074074074074, 0.7354910714285714, 0.2111111111111111, 0.3236607142857143]]"
dbc1fbf8ebd841709d415ac14cf2b948,"[[4, 0.44921875, 0.8158482142857143, 0.3578125, 0.16741071428571427]]"
dc4b5aa4c2794ba4841281b8518cd609,"[[1, 0.7723684210526316, 0.44419642857142855, 0.3973684210526316, 0.22767857142857142]]"
dc5aed3b543f41ce9bdde3f4ae6424ce,"[[0, 0.3875, 0.6785714285714286, 0.6291666666666667, 0.45982142857142855]]"
dc5c38ab79804063bded376c54b11d46,"[[0, 0.48026315789473684, 0.515625, 0.8394736842105263, 0.38392857142857145]]"
dc80246a13ff4362bb387901f0f2fb02,"[[2, 0.7556221889055472, 0.484819734345351, 0.15892053973013492, 0.45351043643263755]]"
dd15b6bf2306447e950dedce2f0526b0,"[[0, 0.6354166666666666, 0.4799107142857143, 0.31666666666666665, 0.4732142857142857]]"
dd5c70fd22fb41ac8113086cdfc562f7,"[[3, 0.51875, 0.36049107142857145, 0.8675, 0.19419642857142858]]"
ddd86dee7d3c4a2db9572f7a9c784070,"[[3, 0.8558035714285714, 0.5870535714285714, 0.2044642857142857, 0.13392857142857142]]"
ddddf7c6449a40a6a50742743beff85d,[]
dde3ab6c4f7a49cba62781010ee0c64c,"[[1, 0.49007444168734493, 0.4685483870967742, 0.40198511166253104, 0.49193548387096775]]"
ded2d2b9dbe84f6b9b9ff11231d97012,"[[0, 0.5359375, 0.40401785714285715, 0.365625, 0.42857142857142855]]"
df1b565f58f24c1a81b3b97e8fc2e670,"[[0, 0.21022727272727273, 0.37388392857142855, 0.3795454545454545, 0.46651785714285715]]"
df43b2643a0949b1853dbfef015c4373,"[[2, 0.7523659305993691, 0.5696095076400679, 0.3186119873817035, 0.16129032258064516]]"
df686299fd0e4da99f72963155d02dbe,[]
df6ad8e1e3904c53b52fdf937f230e6a,"[[0, 0.353125, 0.38950892857142855, 0.3020833333333333, 0.2611607142857143]]"
e02d2094006644ce8250eb5c2661246f,"[[2, 0.46, 0.5825892857142857, 0.2866666666666667, 0.17857142857142858]]"
e0977d94f21946c6a86742edf264c331,"[[1, 0.4090909090909091, 0.6674107142857143, 0.5363636363636364, 0.2857142857142857]]"
e1cd2b75855a4db99ca73ded83641172,"[[3, 0.295, 0.5770089285714286, 0.338, 0.39955357142857145]]"
e2e45d52231747debc02f3d43c406e31,"[[4, 0.8388888888888889, 0.7075892857142857, 0.32222222222222224, 0.36607142857142855]]"
e3541fa28a18446d95ec9336964bb557,"[[1, 0.55, 0.5524553571428571, 0.6666666666666666, 0.5602678571428571]]"
e36d3ff5eb2f43d19fe21a9016a9dee1,"[[0, 0.5297619047619048, 0.4799107142857143, 0.9404761904761905, 0.5758928571428571]]"
e374a6e26b8c42b581df866e08b9da5c,"[[0, 0.6375, 0.6328125, 0.48, 0.36830357142857145]]"
e383dac24af141f7ac820dc525370b37,"[[0, 0.54375, 0.47433035714285715, 0.6725, 0.484375]]"
e3d4b2e5c1fd475880a90ad8711ded03,"[[4, 0.5875, 0.5479910714285714, 0.5125, 0.3236607142857143]]"
e3e9d613bdd84f76888b6ab0116364ce,"[[2, 0.40714285714285714, 0.49330357142857145, 0.4714285714285714, 0.17410714285714285]]"
e4f6c123b0d74ffea122b8ba9d0dfe38,"[[0, 0.4685, 0.49230769230769234, 0.171, 0.22115384615384615]]"
e5379166e437447fa9aa3372cac00b83,"[[0, 0.12314814814814815, 0.48995535714285715, 0.21666666666666667, 0.640625]]"
e579febf58de48d09c8e3cb196aae66e,"[[0, 0.80625, 0.5357142857142857, 0.3875, 0.5625]]"
e58450df96774b939d2b8ea97998bcb7,"[[1, 0.43215158924205377, 0.35276073619631904, 0.2237163814180929, 0.12065439672801637]]"
e5863e1717814dddba9cdc4622c25a36,"[[0, 0.6862903225806452, 0.35825892857142855, 0.45, 0.5736607142857143]]"
e5ac4fd7553342b7bd8e24f72502af72,"[[3, 0.65527950310559, 0.4, 0.12215320910973085, 0.272]]"
e5f671d8bf354faca13c66c488fba397,"[[0, 0.6196428571428572, 0.5089285714285714, 0.29285714285714287, 0.3482142857142857]]"
e68666c6f4554d2b83c37d62a5d536f5,"[[0, 0.6054054054054054, 0.5535714285714286, 0.4027027027027027, 0.41964285714285715]]"
e6e6a42f2dec474493e9176a65ca70a8,"[[3, 0.5588235294117647, 0.5368303571428571, 0.32941176470588235, 0.3861607142857143]]"
e6e947be7ef64b588476719f2460d642,"[[5, 0.5172413793103449, 0.7700892857142857, 0.18275862068965518, 0.08482142857142858]]"
e700c4b8a0d949ee9b40f305eff71a99,"[[0, 0.6, 0.6774553571428571, 0.6571428571428571, 0.5602678571428571]]"
e704efa993fe480f8e6c1027356a4c1c,"[[0, 0.30277777777777776, 0.4140625, 0.5425925925925926, 0.6629464285714286]]"
e75012a25f314ca2b4d1c88f422d59a3,"[[3, 0.752568493150685, 0.52088772845953, 0.20376712328767124, 0.4856396866840731]]"
e78f00b0aff14ceea50b7e8b9babf344,"[[4, 0.6375, 0.75, 0.31785714285714284, 0.17410714285714285]]"
e79d32ed4f27430a9b896f1249dc81e5,"[[0, 0.6076086956521739, 0.5993303571428571, 0.6891304347826087, 0.34598214285714285]]"
e7b1a0c5c0914c5881b93aee9aaef937,"[[2, 0.580952380952381, 0.6450892857142857, 0.680952380952381, 0.26339285714285715]]"
e7e171db9ada44e5b1c823f65e260b21,"[[5, 0.7625, 0.34933035714285715, 0.13, 0.13616071428571427]]"
e7e3a9a1f7ec44479a944b7e07f8412e,"[[2, 0.578125, 0.39955357142857145, 0.35, 0.24107142857142858]]"
e80f68bc663142c78a232deafdce5fca,"[[4, 0.7715909090909091, 0.5948660714285714, 0.3159090909090909, 0.22991071428571427]]"
e907f9f708e2472ba75dea079d083d59,"[[2, 0.6168757126567845, 0.5336463223787168, 0.3329532497149373, 0.26291079812206575]]"
e9978539ab94424fbffaa990af41daf9,"[[5, 0.519, 0.8638392857142857, 0.338, 0.049107142857142856]]"
e9f14ed14b52430386c5e14a5b0c6582,[]
ea950111e4ed4769a73d25d7b626c0e9,[]
eaa49186176e406d9cd1de49bd04dea8,"[[4, 0.3375, 0.37723214285714285, 0.6516666666666666, 0.33482142857142855]]"
eab913ce27014fb4bb2c4681da94e233,"[[3, 0.6925925925925925, 0.7120535714285714, 0.3925925925925926, 0.3482142857142857]]"
ebd068614bb24c04b357a1f52ff86320,"[[5, 0.5575, 0.34933035714285715, 0.105, 0.22991071428571427]]"
ebe4867e3c1445bebea1a0ec9bab0d69,"[[3, 0.45, 0.4564732142857143, 0.23125, 0.40401785714285715]]"
ec1c0e4e789448fa86169b75e6ff4cb6,"[[0, 0.4921052631578947, 0.4609375, 0.8526315789473684, 0.546875]]"
ec3f115289604da7a9577860c7fbbefc,"[[4, 0.65, 0.5, 0.44166666666666665, 0.35267857142857145]]"
ec72f7f54be94f6d92aee8cb21ed5ba7,"[[0, 0.5539473684210526, 0.48325892857142855, 0.618421052631579, 0.47098214285714285]]"
ed2cd09daf794ab1a62b8cc2b9eefc50,"[[4, 0.5598214285714286, 0.7488839285714286, 0.35535714285714287, 0.14955357142857142]]"
ed663f481e0a4208be8349be40e9758b,"[[0, 0.5717391304347826, 0.7712053571428571, 0.3347826086956522, 0.22991071428571427]]"
ed809723b12d4c959e861042c1ac4fb8,"[[4, 0.2681818181818182, 0.5993303571428571, 0.5363636363636364, 0.35044642857142855]]"
ed84137ea9054c90a8a1c17f339ab43f,[]
ee26d74018d44a329e1b3d7b103f337d,"[[4, 0.327027027027027, 0.625, 0.16216216216216217, 0.16964285714285715]]"
ee60067d6c89448695c0498b3f592973,"[[1, 0.833, 0.4185267857142857, 0.102, 0.2700892857142857]]"
ef7a5ad0b7d64b17bfbd3f77616180ea,"[[0, 0.4147058823529412, 0.5569196428571429, 0.6529411764705882, 0.40848214285714285]]"
ef9e4f8e134b4aab87e81b80cad73e13,"[[0, 0.5694444444444444, 0.6294642857142857, 0.6888888888888889, 0.375]]"
efb83e0c9cdf483091dd97134c732e60,[]
efc0291a76744c26a5964631e23e9fa7,[]
f0193b9b87ee44b1a3916779a17e85cf,"[[1, 0.46, 0.71875, 0.3933333333333333, 0.36160714285714285]]"
f0544f1dbe9d4535bca131a5556849ff,"[[0, 0.24722222222222223, 0.48660714285714285, 0.37222222222222223, 0.41964285714285715]]"
f05ec101e73a4636ac1c7581c0a441cd,"[[0, 0.5053571428571428, 0.47098214285714285, 0.48214285714285715, 0.46875]]"
f093fbce9a9f466e8d0516db8545f35a,"[[5, 0.18529411764705883, 0.39732142857142855, 0.17058823529411765, 0.12053571428571429]]"
f0b22e019acd403c93037be7ce491105,"[[5, 0.36, 0.8069196428571429, 0.08666666666666667, 0.13616071428571427]]"
f116b8d84cc24cf484363eaedfe617a1,[]
f12a4f3bac334555bb35d7c4060e9764,"[[4, 0.4015625, 0.5234375, 0.359375, 0.38169642857142855]]"
f1397669e24248daa4bdca813ec97c59,"[[2, 0.31875, 0.6741071428571429, 0.4732142857142857, 0.17410714285714285]]"
f13b286a19ca47caaf42dafeea647729,"[[0, 0.5548076923076923, 0.46316964285714285, 0.45576923076923076, 0.5736607142857143]]"
f1a164fa9c0e420aad3f744be8040865,"[[3, 0.6022727272727273, 0.5435267857142857, 0.45454545454545453, 0.4263392857142857]]"
f1ab4726e7da45d698e1a22119d97063,"[[2, 0.5047619047619047, 0.6517857142857143, 0.5190476190476191, 0.15178571428571427]]"
f1e6981dea18417f8588de728c776589,"[[0, 0.5291666666666667, 0.6473214285714286, 0.9416666666666667, 0.3705357142857143]]"
f21712e0213f4895ad02878a318eb090,"[[3, 0.445, 0.5066964285714286, 0.71, 0.28125]]"
f24b29d3995b489487c8e6491f4ae2b8,"[[1, 0.2782258064516129, 0.6316964285714286, 0.22741935483870968, 0.3482142857142857]]"
f2d11f11ee6f493ca89ffbc163ec5609,"[[2, 0.6038961038961039, 0.5526315789473685, 0.1544011544011544, 0.3815789473684211]]"
f2e94ce9bd6c4ca79fdd5a4c325358b5,"[[4, 0.29921875, 0.45200892857142855, 0.1984375, 0.578125]]"
f3007ac007ae4b4db934aea56fbb0422,"[[4, 0.6163793103448276, 0.5, 0.20172413793103447, 0.29017857142857145]]"
f30bca5227184fb1bfed1c168cfe13d6,"[[0, 0.5, 0.9051339285714286, 1.0, 0.18973214285714285]]"
f394e7a238424b86b199888c9273e0f8,"[[0, 0.8008333333333333, 0.48549107142857145, 0.26166666666666666, 0.49776785714285715]]"
f3c075c3c0de4f95a6f72f7252817f4c,"[[2, 0.6625, 0.26339285714285715, 0.175, 0.09375]]"
f3f60b43633f41419ad8a27497c0cd5c,"[[0, 0.475, 0.40401785714285715, 0.8888888888888888, 0.5669642857142857]]"
f414b20b0d7b4bf5b7498c6863df0d98,"[[3, 0.5375, 0.48214285714285715, 0.71875, 0.2857142857142857]]"
f438ca30ca2849898f86546529907ae4,"[[3, 0.4975, 0.48549107142857145, 0.83, 0.19419642857142858]]"
f4b60128bd524c649d8113b9f100f976,"[[2, 0.3078947368421053, 0.44419642857142855, 0.35789473684210527, 0.35267857142857145]]"
f4be66ca00e24db0807f01d42c71b9b9,"[[1, 0.33271375464684017, 0.8285472972972973, 0.5092936802973977, 0.13344594594594594]]"
f4dea395a4f04e0aa61aa057d817283f,"[[4, 0.6057692307692307, 0.5122767857142857, 0.5192307692307693, 0.43526785714285715]]"
f540da572e654ab8a8c3f507350cc1c2,"[[0, 0.2982758620689655, 0.6584821428571429, 0.45517241379310347, 0.2767857142857143]]"
f557521644184e2b95138185b2ffb311,"[[0, 0.382, 0.5245535714285714, 0.252, 0.27232142857142855]]"
f55be5b756eb45cc84fc419389de3c23,"[[1, 0.521875, 0.5357142857142857, 0.3229166666666667, 0.24107142857142858]]"
f59ce787dc0c499f8311ced1caa78bbb,"[[3, 0.5648648648648649, 0.8097826086956522, 0.5837837837837838, 0.3282608695652174]]"
f612ace80b074d2098ee489783402c56,"[[5, 0.5890625, 0.3828125, 0.328125, 0.08705357142857142]]"
f6525306831648fea1dc48e9d53c2178,"[[1, 0.4224137931034483, 0.7611026033690659, 0.3045977011494253, 0.13169984686064318]]"
f6c950f5364f44948585fc3c2375f31b,"[[3, 0.71, 0.6997767857142857, 0.416, 0.3861607142857143]]"
f816060a4f944e4dbff33f80654c27cf,"[[4, 0.19705882352941176, 0.5959821428571429, 0.2529411764705882, 0.125]]"
f887279f40e8437faadbc95053615213,"[[3, 0.6047619047619047, 0.5, 0.2761904761904762, 0.25892857142857145]]"
f8886599c7724feba49c8264795ce5f3,"[[4, 0.451, 0.45982142857142855, 0.294, 0.16517857142857142]]"
f8c4d051a22a4e2996ad106e97c743fa,"[[1, 0.50546875, 0.5461538461538461, 0.7140625, 0.06923076923076923]]"
f9697b7ce8cb4cc1bf27641839279f4f,"[[0, 0.17666666666666667, 0.5323660714285714, 0.24, 0.5424107142857143]]"
fa7c5980ce054fc9a074b1c80c03c2a7,"[[5, 0.6954545454545454, 0.6060267857142857, 0.41818181818181815, 0.18973214285714285]]"
fb1bfd8911d64daabd8836f707664fdd,"[[3, 0.6142857142857143, 0.6305803571428571, 0.6285714285714286, 0.5245535714285714]]"
fb654263d88248bd8016c8af06884922,"[[2, 0.19047619047619047, 0.23650107991360692, 0.25595238095238093, 0.12311015118790497]]"
fb7edf7a61a24dc4bb117b3018de4d82,"[[0, 0.3402173913043478, 0.2611607142857143, 0.5195652173913043, 0.28125]]"
fbdd5cc72650410180312eda916e2b7f,"[[4, 0.6875, 0.47098214285714285, 0.48125, 0.6294642857142857]]"
fbed5518a538457e8a609ff1b0487a45,"[[2, 0.6332807570977917, 0.45361635220125784, 0.2981072555205047, 0.37264150943396224]]"
fc278b71703048c196c26d84f48fd36e,"[[1, 0.583, 0.75, 0.758, 0.26785714285714285]]"
fc432d0bab5a49a4a3be62549a0ac2b5,"[[0, 0.3181818181818182, 0.6529017857142857, 0.2863636363636364, 0.15401785714285715]]"
fc91b4f7206b4766ad85cd97c422b363,"[[1, 0.2699300699300699, 0.779136690647482, 0.44195804195804195, 0.17410071942446043]]"
fd093135f08b48c081675ebbec16f6e1,"[[1, 0.48214285714285715, 0.32700892857142855, 0.5857142857142857, 0.21205357142857142]]"
fd2db33d1de14b78a4f4087dbc156814,"[[4, 0.4144736842105263, 0.8258928571428571, 0.6605263157894737, 0.1875]]"
fd4edd26faf5461ea17c1de5dc6d50ea,"[[1, 0.42963752665245203, 0.8041666666666667, 0.7611940298507462, 0.37083333333333335]]"
fd51f202dd05463396cf0e15bdfb4c7f,"[[3, 0.3375, 0.6674107142857143, 0.3659090909090909, 0.4017857142857143]]"
fd830f48ea1e4f0d839786762b51e11d,"[[3, 0.885, 0.5993303571428571, 0.07, 0.23883928571428573]]"
fe36d3aad2c54f4eb8e9afe3cc7f5e56,"[[4, 0.36666666666666664, 0.5133928571428571, 0.3611111111111111, 0.1875]]"
ff2cad41c78548e4b6691c3112d5c89b,"[[0, 0.1175, 0.47433035714285715, 0.225, 0.6004464285714286]]"
ff6e6b6e21df4cfb9dbef7c864304d8b,"[[2, 0.40147058823529413, 0.6506696428571429, 0.65, 0.24776785714285715]]"
ff7562520a574ae4a57e333953f53d92,"[[4, 0.2140625, 0.3125, 0.384375, 0.33482142857142855]]"
ffe791e6f649404aa1207051ae0386ed,"[[2, 0.6661290322580645, 0.2975409836065574, 0.24193548387096775, 0.20163934426229507]]"
